01/1985,MMO,0
02/1985,MMO,0
03/1985,MMO,0
04/1985,MMO,0
05/1985,MMO,0
06/1985,MMO,0
07/1985,MMO,0
08/1985,MMO,0
09/1985,MMO,0
10/1985,MMO,0
11/1985,MMO,0
12/1985,MMO,0
01/1986,MMO,0
02/1986,MMO,0
03/1986,MMO,0
04/1986,MMO,0
05/1986,MMO,0
06/1986,MMO,0
07/1986,MMO,0
08/1986,MMO,0
09/1986,MMO,0
10/1986,MMO,0
11/1986,MMO,0
12/1986,MMO,0
01/1987,MMO,0
02/1987,MMO,0
03/1987,MMO,0
04/1987,MMO,0
05/1987,MMO,0
06/1987,MMO,0
07/1987,MMO,0
08/1987,MMO,0
09/1987,MMO,0
10/1987,MMO,0
11/1987,MMO,0
12/1987,MMO,0
01/1988,MMO,0
02/1988,MMO,0
03/1988,MMO,0
04/1988,MMO,0
05/1988,MMO,0
06/1988,MMO,0
07/1988,MMO,0
08/1988,MMO,0
09/1988,MMO,0
10/1988,MMO,0
11/1988,MMO,0
12/1988,MMO,0
01/1989,MMO,0
02/1989,MMO,0
03/1989,MMO,0
04/1989,MMO,0
05/1989,MMO,0
06/1989,MMO,0
07/1989,MMO,0
08/1989,MMO,0
09/1989,MMO,0
10/1989,MMO,0
11/1989,MMO,0
12/1989,MMO,0
01/1990,MMO,0
02/1990,MMO,0
03/1990,MMO,0
04/1990,MMO,0
05/1990,MMO,0
06/1990,MMO,0
07/1990,MMO,0
08/1990,MMO,0
09/1990,MMO,0
10/1990,MMO,0
11/1990,MMO,0
12/1990,MMO,0
01/1991,MMO,0
02/1991,MMO,0
03/1991,MMO,0
04/1991,MMO,0
05/1991,MMO,0
06/1991,MMO,0
07/1991,MMO,0
08/1991,MMO,0
09/1991,MMO,0
10/1991,MMO,0
11/1991,MMO,0
12/1991,MMO,0
01/1992,MMO,0
02/1992,MMO,0
03/1992,MMO,0
04/1992,MMO,0
05/1992,MMO,0
06/1992,MMO,0
07/1992,MMO,0
08/1992,MMO,0
09/1992,MMO,0
10/1992,MMO,0
11/1992,MMO,0
12/1992,MMO,0
01/1993,MMO,0
02/1993,MMO,0
03/1993,MMO,0
04/1993,MMO,0
05/1993,MMO,0
06/1993,MMO,0
07/1993,MMO,0
08/1993,MMO,0
09/1993,MMO,0
10/1993,MMO,0
11/1993,MMO,0
12/1993,MMO,0
01/1994,MMO,0
02/1994,MMO,0
03/1994,MMO,0
04/1994,MMO,0
05/1994,MMO,0
06/1994,MMO,0
07/1994,MMO,0
08/1994,MMO,0
09/1994,MMO,0
10/1994,MMO,0
11/1994,MMO,0
12/1994,MMO,0
01/1995,MMO,0
02/1995,MMO,0
03/1995,MMO,0
04/1995,MMO,0
05/1995,MMO,0
06/1995,MMO,0
07/1995,MMO,0
08/1995,MMO,0
09/1995,MMO,0
10/1995,MMO,0
11/1995,MMO,0
12/1995,MMO,0
01/1996,MMO,0
02/1996,MMO,0
03/1996,MMO,0
04/1996,MMO,0
05/1996,MMO,0
06/1996,MMO,0
07/1996,MMO,0
08/1996,MMO,0
09/1996,MMO,0
10/1996,MMO,0
11/1996,MMO,0
12/1996,MMO,0
01/1997,MMO,0
02/1997,MMO,0
03/1997,MMO,0
04/1997,MMO,0
05/1997,MMO,0
06/1997,MMO,0
07/1997,MMO,0
08/1997,MMO,0
09/1997,MMO,1
10/1997,MMO,0
11/1997,MMO,0
12/1997,MMO,0
01/1998,MMO,0
02/1998,MMO,0
03/1998,MMO,0
04/1998,MMO,0
05/1998,MMO,0
06/1998,MMO,0
07/1998,MMO,0
08/1998,MMO,0
09/1998,MMO,0
10/1998,MMO,1
11/1998,MMO,0
12/1998,MMO,0
01/1999,MMO,0
02/1999,MMO,0
03/1999,MMO,1
04/1999,MMO,0
05/1999,MMO,0
06/1999,MMO,0
07/1999,MMO,0
08/1999,MMO,0
09/1999,MMO,0
10/1999,MMO,0
11/1999,MMO,1
12/1999,MMO,0
01/2000,MMO,0
02/2000,MMO,0
03/2000,MMO,1
04/2000,MMO,2
05/2000,MMO,0
06/2000,MMO,1
07/2000,MMO,0
08/2000,MMO,0
09/2000,MMO,0
10/2000,MMO,0
11/2000,MMO,0
12/2000,MMO,2
01/2001,MMO,0
02/2001,MMO,0
03/2001,MMO,1
04/2001,MMO,0
05/2001,MMO,0
06/2001,MMO,1
07/2001,MMO,0
08/2001,MMO,0
09/2001,MMO,0
10/2001,MMO,3
11/2001,MMO,0
12/2001,MMO,2
01/2002,MMO,1
02/2002,MMO,1
03/2002,MMO,1
04/2002,MMO,0
05/2002,MMO,0
06/2002,MMO,0
07/2002,MMO,0
08/2002,MMO,1
09/2002,MMO,1
10/2002,MMO,1
11/2002,MMO,3
12/2002,MMO,3
01/2003,MMO,1
02/2003,MMO,3
03/2003,MMO,1
04/2003,MMO,2
05/2003,MMO,2
06/2003,MMO,2
07/2003,MMO,1
08/2003,MMO,0
09/2003,MMO,3
10/2003,MMO,1
11/2003,MMO,5
12/2003,MMO,2
01/2004,MMO,3
02/2004,MMO,1
03/2004,MMO,0
04/2004,MMO,3
05/2004,MMO,2
06/2004,MMO,1
07/2004,MMO,1
08/2004,MMO,1
09/2004,MMO,5
10/2004,MMO,1
11/2004,MMO,5
12/2004,MMO,2
01/2005,MMO,0
02/2005,MMO,1
03/2005,MMO,2
04/2005,MMO,1
05/2005,MMO,1
06/2005,MMO,1
07/2005,MMO,1
08/2005,MMO,2
09/2005,MMO,2
10/2005,MMO,3
11/2005,MMO,2
12/2005,MMO,3
01/2006,MMO,1
02/2006,MMO,5
03/2006,MMO,1
04/2006,MMO,2
05/2006,MMO,3
06/2006,MMO,2
07/2006,MMO,0
08/2006,MMO,2
09/2006,MMO,7
10/2006,MMO,1
11/2006,MMO,5
12/2006,MMO,4
01/2007,MMO,5
02/2007,MMO,5
03/2007,MMO,1
04/2007,MMO,5
05/2007,MMO,4
06/2007,MMO,3
07/2007,MMO,4
08/2007,MMO,6
09/2007,MMO,4
10/2007,MMO,4
11/2007,MMO,4
12/2007,MMO,6
01/2008,MMO,3
02/2008,MMO,2
03/2008,MMO,3
04/2008,MMO,1
05/2008,MMO,6
06/2008,MMO,3
07/2008,MMO,3
08/2008,MMO,2
09/2008,MMO,8
10/2008,MMO,6
11/2008,MMO,8
12/2008,MMO,7
01/2009,MMO,4
02/2009,MMO,7
03/2009,MMO,7
04/2009,MMO,5
05/2009,MMO,3
06/2009,MMO,8
07/2009,MMO,3
08/2009,MMO,3
09/2009,MMO,8
10/2009,MMO,8
11/2009,MMO,4
12/2009,MMO,23
01/2010,MMO,6
02/2010,MMO,17
03/2010,MMO,9
04/2010,MMO,6
05/2010,MMO,11
06/2010,MMO,12
07/2010,MMO,6
08/2010,MMO,9
09/2010,MMO,8
10/2010,MMO,15
11/2010,MMO,10
12/2010,MMO,26
01/2011,MMO,10
02/2011,MMO,14
03/2011,MMO,12
04/2011,MMO,12
05/2011,MMO,15
06/2011,MMO,11
07/2011,MMO,6
08/2011,MMO,12
09/2011,MMO,9
10/2011,MMO,12
11/2011,MMO,15
12/2011,MMO,17
01/2012,MMO,1
02/2012,MMO,3
03/2012,MMO,10
04/2012,MMO,15
05/2012,MMO,5
06/2012,MMO,2
07/2012,MMO,5
08/2012,MMO,10
09/2012,MMO,12
10/2012,MMO,6
11/2012,MMO,17
12/2012,MMO,15
01/2013,MMO,7
02/2013,MMO,4
03/2013,MMO,6
04/2013,MMO,6
05/2013,MMO,5
06/2013,MMO,4
07/2013,MMO,4
08/2013,MMO,5
09/2013,MMO,2
10/2013,MMO,5
11/2013,MMO,11
12/2013,MMO,18
01/2014,MMO,0
02/2014,MMO,4
03/2014,MMO,4
04/2014,MMO,2
05/2014,MMO,4
06/2014,MMO,5
07/2014,MMO,3
08/2014,MMO,0
09/2014,MMO,0
10/2014,MMO,1
11/2014,MMO,3
12/2014,MMO,8
01/2015,MMO,3
02/2015,MMO,0
03/2015,MMO,0
04/2015,MMO,2
05/2015,MMO,0
06/2015,MMO,1
07/2015,MMO,0
08/2015,MMO,0
09/2015,MMO,4
10/2015,MMO,2
11/2015,MMO,1
12/2015,MMO,1
01/1985,Arcade,1
02/1985,Arcade,0
03/1985,Arcade,0
04/1985,Arcade,0
05/1985,Arcade,0
06/1985,Arcade,1
07/1985,Arcade,1
08/1985,Arcade,0
09/1985,Arcade,2
10/1985,Arcade,1
11/1985,Arcade,0
12/1985,Arcade,14
01/1986,Arcade,0
02/1986,Arcade,0
03/1986,Arcade,0
04/1986,Arcade,0
05/1986,Arcade,0
06/1986,Arcade,2
07/1986,Arcade,0
08/1986,Arcade,1
09/1986,Arcade,5
10/1986,Arcade,1
11/1986,Arcade,2
12/1986,Arcade,12
01/1987,Arcade,0
02/1987,Arcade,0
03/1987,Arcade,0
04/1987,Arcade,0
05/1987,Arcade,0
06/1987,Arcade,0
07/1987,Arcade,2
08/1987,Arcade,2
09/1987,Arcade,0
10/1987,Arcade,0
11/1987,Arcade,1
12/1987,Arcade,23
01/1988,Arcade,0
02/1988,Arcade,1
03/1988,Arcade,0
04/1988,Arcade,3
05/1988,Arcade,0
06/1988,Arcade,1
07/1988,Arcade,1
08/1988,Arcade,0
09/1988,Arcade,2
10/1988,Arcade,1
11/1988,Arcade,2
12/1988,Arcade,24
01/1989,Arcade,0
02/1989,Arcade,1
03/1989,Arcade,1
04/1989,Arcade,3
05/1989,Arcade,2
06/1989,Arcade,1
07/1989,Arcade,2
08/1989,Arcade,0
09/1989,Arcade,0
10/1989,Arcade,3
11/1989,Arcade,1
12/1989,Arcade,36
01/1990,Arcade,2
02/1990,Arcade,1
03/1990,Arcade,0
04/1990,Arcade,3
05/1990,Arcade,2
06/1990,Arcade,2
07/1990,Arcade,4
08/1990,Arcade,2
09/1990,Arcade,4
10/1990,Arcade,0
11/1990,Arcade,5
12/1990,Arcade,48
01/1991,Arcade,1
02/1991,Arcade,2
03/1991,Arcade,0
04/1991,Arcade,3
05/1991,Arcade,1
06/1991,Arcade,3
07/1991,Arcade,3
08/1991,Arcade,3
09/1991,Arcade,2
10/1991,Arcade,5
11/1991,Arcade,9
12/1991,Arcade,34
01/1992,Arcade,4
02/1992,Arcade,3
03/1992,Arcade,2
04/1992,Arcade,1
05/1992,Arcade,0
06/1992,Arcade,2
07/1992,Arcade,5
08/1992,Arcade,1
09/1992,Arcade,3
10/1992,Arcade,6
11/1992,Arcade,3
12/1992,Arcade,50
01/1993,Arcade,1
02/1993,Arcade,4
03/1993,Arcade,2
04/1993,Arcade,3
05/1993,Arcade,3
06/1993,Arcade,10
07/1993,Arcade,4
08/1993,Arcade,2
09/1993,Arcade,0
10/1993,Arcade,6
11/1993,Arcade,6
12/1993,Arcade,47
01/1994,Arcade,2
02/1994,Arcade,4
03/1994,Arcade,3
04/1994,Arcade,6
05/1994,Arcade,1
06/1994,Arcade,6
07/1994,Arcade,2
08/1994,Arcade,8
09/1994,Arcade,5
10/1994,Arcade,3
11/1994,Arcade,11
12/1994,Arcade,43
01/1995,Arcade,2
02/1995,Arcade,2
03/1995,Arcade,4
04/1995,Arcade,3
05/1995,Arcade,3
06/1995,Arcade,4
07/1995,Arcade,1
08/1995,Arcade,1
09/1995,Arcade,4
10/1995,Arcade,4
11/1995,Arcade,5
12/1995,Arcade,47
01/1996,Arcade,0
02/1996,Arcade,1
03/1996,Arcade,4
04/1996,Arcade,1
05/1996,Arcade,0
06/1996,Arcade,1
07/1996,Arcade,1
08/1996,Arcade,2
09/1996,Arcade,4
10/1996,Arcade,6
11/1996,Arcade,6
12/1996,Arcade,51
01/1997,Arcade,3
02/1997,Arcade,1
03/1997,Arcade,2
04/1997,Arcade,0
05/1997,Arcade,0
06/1997,Arcade,3
07/1997,Arcade,4
08/1997,Arcade,3
09/1997,Arcade,3
10/1997,Arcade,6
11/1997,Arcade,3
12/1997,Arcade,52
01/1998,Arcade,2
02/1998,Arcade,0
03/1998,Arcade,2
04/1998,Arcade,1
05/1998,Arcade,3
06/1998,Arcade,0
07/1998,Arcade,3
08/1998,Arcade,6
09/1998,Arcade,2
10/1998,Arcade,6
11/1998,Arcade,7
12/1998,Arcade,28
01/1999,Arcade,1
02/1999,Arcade,2
03/1999,Arcade,6
04/1999,Arcade,2
05/1999,Arcade,5
06/1999,Arcade,2
07/1999,Arcade,2
08/1999,Arcade,7
09/1999,Arcade,4
10/1999,Arcade,9
11/1999,Arcade,7
12/1999,Arcade,21
01/2000,Arcade,4
02/2000,Arcade,3
03/2000,Arcade,6
04/2000,Arcade,3
05/2000,Arcade,3
06/2000,Arcade,9
07/2000,Arcade,4
08/2000,Arcade,7
09/2000,Arcade,12
10/2000,Arcade,12
11/2000,Arcade,12
12/2000,Arcade,56
01/2001,Arcade,4
02/2001,Arcade,8
03/2001,Arcade,13
04/2001,Arcade,2
05/2001,Arcade,12
06/2001,Arcade,11
07/2001,Arcade,10
08/2001,Arcade,10
09/2001,Arcade,14
10/2001,Arcade,19
11/2001,Arcade,21
12/2001,Arcade,57
01/2002,Arcade,6
02/2002,Arcade,13
03/2002,Arcade,14
04/2002,Arcade,17
05/2002,Arcade,8
06/2002,Arcade,8
07/2002,Arcade,13
08/2002,Arcade,13
09/2002,Arcade,15
10/2002,Arcade,15
11/2002,Arcade,27
12/2002,Arcade,44
01/2003,Arcade,8
02/2003,Arcade,9
03/2003,Arcade,17
04/2003,Arcade,11
05/2003,Arcade,8
06/2003,Arcade,13
07/2003,Arcade,14
08/2003,Arcade,13
09/2003,Arcade,19
10/2003,Arcade,23
11/2003,Arcade,34
12/2003,Arcade,53
01/2004,Arcade,5
02/2004,Arcade,4
03/2004,Arcade,7
04/2004,Arcade,20
05/2004,Arcade,11
06/2004,Arcade,17
07/2004,Arcade,5
08/2004,Arcade,16
09/2004,Arcade,11
10/2004,Arcade,22
11/2004,Arcade,33
12/2004,Arcade,36
01/2005,Arcade,9
02/2005,Arcade,10
03/2005,Arcade,21
04/2005,Arcade,8
05/2005,Arcade,13
06/2005,Arcade,8
07/2005,Arcade,12
08/2005,Arcade,9
09/2005,Arcade,22
10/2005,Arcade,25
11/2005,Arcade,36
12/2005,Arcade,41
01/2006,Arcade,9
02/2006,Arcade,19
03/2006,Arcade,22
04/2006,Arcade,13
05/2006,Arcade,16
06/2006,Arcade,16
07/2006,Arcade,17
08/2006,Arcade,20
09/2006,Arcade,25
10/2006,Arcade,24
11/2006,Arcade,42
12/2006,Arcade,45
01/2007,Arcade,16
02/2007,Arcade,17
03/2007,Arcade,27
04/2007,Arcade,7
05/2007,Arcade,17
06/2007,Arcade,16
07/2007,Arcade,21
08/2007,Arcade,19
09/2007,Arcade,24
10/2007,Arcade,40
11/2007,Arcade,45
12/2007,Arcade,41
01/2008,Arcade,12
02/2008,Arcade,18
03/2008,Arcade,22
04/2008,Arcade,17
05/2008,Arcade,18
06/2008,Arcade,16
07/2008,Arcade,23
08/2008,Arcade,13
09/2008,Arcade,22
10/2008,Arcade,33
11/2008,Arcade,39
12/2008,Arcade,40
01/2009,Arcade,14
02/2009,Arcade,29
03/2009,Arcade,28
04/2009,Arcade,23
05/2009,Arcade,25
06/2009,Arcade,27
07/2009,Arcade,17
08/2009,Arcade,29
09/2009,Arcade,43
10/2009,Arcade,46
11/2009,Arcade,49
12/2009,Arcade,48
01/2010,Arcade,29
02/2010,Arcade,32
03/2010,Arcade,41
04/2010,Arcade,30
05/2010,Arcade,25
06/2010,Arcade,47
07/2010,Arcade,36
08/2010,Arcade,35
09/2010,Arcade,38
10/2010,Arcade,42
11/2010,Arcade,75
12/2010,Arcade,48
01/2011,Arcade,26
02/2011,Arcade,29
03/2011,Arcade,43
04/2011,Arcade,32
05/2011,Arcade,34
06/2011,Arcade,27
07/2011,Arcade,17
08/2011,Arcade,25
09/2011,Arcade,34
10/2011,Arcade,31
11/2011,Arcade,41
12/2011,Arcade,24
01/2012,Arcade,12
02/2012,Arcade,36
03/2012,Arcade,46
04/2012,Arcade,25
05/2012,Arcade,31
06/2012,Arcade,25
07/2012,Arcade,24
08/2012,Arcade,30
09/2012,Arcade,38
10/2012,Arcade,56
11/2012,Arcade,53
12/2012,Arcade,38
01/2013,Arcade,41
02/2013,Arcade,15
03/2013,Arcade,30
04/2013,Arcade,32
05/2013,Arcade,24
06/2013,Arcade,27
07/2013,Arcade,27
08/2013,Arcade,25
09/2013,Arcade,47
10/2013,Arcade,41
11/2013,Arcade,41
12/2013,Arcade,29
01/2014,Arcade,26
02/2014,Arcade,44
03/2014,Arcade,35
04/2014,Arcade,43
05/2014,Arcade,39
06/2014,Arcade,23
07/2014,Arcade,27
08/2014,Arcade,14
09/2014,Arcade,13
10/2014,Arcade,14
11/2014,Arcade,20
12/2014,Arcade,13
01/2015,Arcade,9
02/2015,Arcade,4
03/2015,Arcade,9
04/2015,Arcade,6
05/2015,Arcade,64
06/2015,Arcade,22
07/2015,Arcade,12
08/2015,Arcade,65
09/2015,Arcade,55
10/2015,Arcade,37
11/2015,Arcade,43
12/2015,Arcade,50
01/1985,Action,0
02/1985,Action,0
03/1985,Action,0
04/1985,Action,0
05/1985,Action,0
06/1985,Action,0
07/1985,Action,0
08/1985,Action,0
09/1985,Action,0
10/1985,Action,0
11/1985,Action,0
12/1985,Action,3
01/1986,Action,0
02/1986,Action,0
03/1986,Action,0
04/1986,Action,0
05/1986,Action,0
06/1986,Action,0
07/1986,Action,1
08/1986,Action,0
09/1986,Action,0
10/1986,Action,0
11/1986,Action,2
12/1986,Action,1
01/1987,Action,0
02/1987,Action,0
03/1987,Action,0
04/1987,Action,1
05/1987,Action,0
06/1987,Action,0
07/1987,Action,0
08/1987,Action,0
09/1987,Action,0
10/1987,Action,0
11/1987,Action,0
12/1987,Action,1
01/1988,Action,0
02/1988,Action,0
03/1988,Action,0
04/1988,Action,1
05/1988,Action,0
06/1988,Action,0
07/1988,Action,0
08/1988,Action,0
09/1988,Action,0
10/1988,Action,0
11/1988,Action,0
12/1988,Action,2
01/1989,Action,0
02/1989,Action,0
03/1989,Action,0
04/1989,Action,0
05/1989,Action,1
06/1989,Action,0
07/1989,Action,1
08/1989,Action,0
09/1989,Action,0
10/1989,Action,0
11/1989,Action,1
12/1989,Action,6
01/1990,Action,0
02/1990,Action,0
03/1990,Action,0
04/1990,Action,0
05/1990,Action,0
06/1990,Action,0
07/1990,Action,0
08/1990,Action,0
09/1990,Action,1
10/1990,Action,0
11/1990,Action,1
12/1990,Action,3
01/1991,Action,0
02/1991,Action,0
03/1991,Action,0
04/1991,Action,0
05/1991,Action,0
06/1991,Action,0
07/1991,Action,1
08/1991,Action,0
09/1991,Action,1
10/1991,Action,0
11/1991,Action,1
12/1991,Action,10
01/1992,Action,0
02/1992,Action,1
03/1992,Action,0
04/1992,Action,0
05/1992,Action,1
06/1992,Action,0
07/1992,Action,0
08/1992,Action,0
09/1992,Action,1
10/1992,Action,1
11/1992,Action,0
12/1992,Action,5
01/1993,Action,0
02/1993,Action,0
03/1993,Action,1
04/1993,Action,0
05/1993,Action,2
06/1993,Action,4
07/1993,Action,0
08/1993,Action,0
09/1993,Action,0
10/1993,Action,0
11/1993,Action,1
12/1993,Action,14
01/1994,Action,0
02/1994,Action,0
03/1994,Action,0
04/1994,Action,0
05/1994,Action,0
06/1994,Action,0
07/1994,Action,0
08/1994,Action,0
09/1994,Action,2
10/1994,Action,2
11/1994,Action,1
12/1994,Action,14
01/1995,Action,0
02/1995,Action,0
03/1995,Action,0
04/1995,Action,0
05/1995,Action,1
06/1995,Action,1
07/1995,Action,1
08/1995,Action,0
09/1995,Action,1
10/1995,Action,1
11/1995,Action,1
12/1995,Action,10
01/1996,Action,2
02/1996,Action,0
03/1996,Action,0
04/1996,Action,0
05/1996,Action,2
06/1996,Action,0
07/1996,Action,0
08/1996,Action,1
09/1996,Action,2
10/1996,Action,1
11/1996,Action,0
12/1996,Action,15
01/1997,Action,0
02/1997,Action,1
03/1997,Action,3
04/1997,Action,3
05/1997,Action,0
06/1997,Action,2
07/1997,Action,2
08/1997,Action,4
09/1997,Action,3
10/1997,Action,3
11/1997,Action,2
12/1997,Action,24
01/1998,Action,2
02/1998,Action,3
03/1998,Action,1
04/1998,Action,4
05/1998,Action,2
06/1998,Action,1
07/1998,Action,3
08/1998,Action,2
09/1998,Action,3
10/1998,Action,8
11/1998,Action,7
12/1998,Action,12
01/1999,Action,3
02/1999,Action,2
03/1999,Action,2
04/1999,Action,4
05/1999,Action,1
06/1999,Action,2
07/1999,Action,5
08/1999,Action,5
09/1999,Action,7
10/1999,Action,5
11/1999,Action,15
12/1999,Action,15
01/2000,Action,1
02/2000,Action,2
03/2000,Action,4
04/2000,Action,3
05/2000,Action,6
06/2000,Action,6
07/2000,Action,0
08/2000,Action,3
09/2000,Action,6
10/2000,Action,8
11/2000,Action,9
12/2000,Action,20
01/2001,Action,3
02/2001,Action,8
03/2001,Action,6
04/2001,Action,2
05/2001,Action,4
06/2001,Action,5
07/2001,Action,2
08/2001,Action,3
09/2001,Action,6
10/2001,Action,7
11/2001,Action,14
12/2001,Action,14
01/2002,Action,7
02/2002,Action,8
03/2002,Action,14
04/2002,Action,8
05/2002,Action,10
06/2002,Action,10
07/2002,Action,7
08/2002,Action,9
09/2002,Action,10
10/2002,Action,9
11/2002,Action,14
12/2002,Action,17
01/2003,Action,8
02/2003,Action,7
03/2003,Action,14
04/2003,Action,14
05/2003,Action,11
06/2003,Action,10
07/2003,Action,7
08/2003,Action,6
09/2003,Action,12
10/2003,Action,26
11/2003,Action,18
12/2003,Action,20
01/2004,Action,6
02/2004,Action,14
03/2004,Action,16
04/2004,Action,10
05/2004,Action,10
06/2004,Action,19
07/2004,Action,7
08/2004,Action,7
09/2004,Action,8
10/2004,Action,15
11/2004,Action,29
12/2004,Action,14
01/2005,Action,10
02/2005,Action,12
03/2005,Action,23
04/2005,Action,16
05/2005,Action,19
06/2005,Action,13
07/2005,Action,17
08/2005,Action,23
09/2005,Action,33
10/2005,Action,26
11/2005,Action,27
12/2005,Action,39
01/2006,Action,12
02/2006,Action,12
03/2006,Action,36
04/2006,Action,14
05/2006,Action,21
06/2006,Action,19
07/2006,Action,20
08/2006,Action,19
09/2006,Action,26
10/2006,Action,39
11/2006,Action,42
12/2006,Action,35
01/2007,Action,16
02/2007,Action,21
03/2007,Action,38
04/2007,Action,10
05/2007,Action,28
06/2007,Action,20
07/2007,Action,27
08/2007,Action,20
09/2007,Action,26
10/2007,Action,49
11/2007,Action,45
12/2007,Action,29
01/2008,Action,9
02/2008,Action,23
03/2008,Action,21
04/2008,Action,17
05/2008,Action,19
06/2008,Action,27
07/2008,Action,22
08/2008,Action,11
09/2008,Action,25
10/2008,Action,45
11/2008,Action,58
12/2008,Action,20
01/2009,Action,11
02/2009,Action,23
03/2009,Action,18
04/2009,Action,13
05/2009,Action,20
06/2009,Action,17
07/2009,Action,12
08/2009,Action,22
09/2009,Action,25
10/2009,Action,18
11/2009,Action,27
12/2009,Action,28
01/2010,Action,19
02/2010,Action,27
03/2010,Action,27
04/2010,Action,31
05/2010,Action,23
06/2010,Action,28
07/2010,Action,17
08/2010,Action,15
09/2010,Action,25
10/2010,Action,29
11/2010,Action,25
12/2010,Action,20
01/1985,Logic,0
02/1985,Logic,0
03/1985,Logic,0
04/1985,Logic,0
05/1985,Logic,0
06/1985,Logic,1
07/1985,Logic,0
08/1985,Logic,0
09/1985,Logic,0
10/1985,Logic,0
11/1985,Logic,0
12/1985,Logic,1
01/1986,Logic,0
02/1986,Logic,0
03/1986,Logic,0
04/1986,Logic,0
05/1986,Logic,0
06/1986,Logic,0
07/1986,Logic,0
08/1986,Logic,0
09/1986,Logic,0
10/1986,Logic,0
11/1986,Logic,0
12/1986,Logic,1
01/1987,Logic,0
02/1987,Logic,0
03/1987,Logic,0
04/1987,Logic,0
05/1987,Logic,0
06/1987,Logic,0
07/1987,Logic,0
08/1987,Logic,0
09/1987,Logic,0
10/1987,Logic,0
11/1987,Logic,0
12/1987,Logic,4
01/1988,Logic,0
02/1988,Logic,0
03/1988,Logic,0
04/1988,Logic,0
05/1988,Logic,0
06/1988,Logic,0
07/1988,Logic,0
08/1988,Logic,0
09/1988,Logic,0
10/1988,Logic,0
11/1988,Logic,0
12/1988,Logic,2
01/1989,Logic,0
02/1989,Logic,0
03/1989,Logic,0
04/1989,Logic,0
05/1989,Logic,0
06/1989,Logic,0
07/1989,Logic,0
08/1989,Logic,0
09/1989,Logic,1
10/1989,Logic,1
11/1989,Logic,0
12/1989,Logic,6
01/1990,Logic,0
02/1990,Logic,0
03/1990,Logic,1
04/1990,Logic,0
05/1990,Logic,0
06/1990,Logic,0
07/1990,Logic,1
08/1990,Logic,0
09/1990,Logic,1
10/1990,Logic,0
11/1990,Logic,0
12/1990,Logic,10
01/1991,Logic,0
02/1991,Logic,1
03/1991,Logic,0
04/1991,Logic,1
05/1991,Logic,0
06/1991,Logic,0
07/1991,Logic,0
08/1991,Logic,0
09/1991,Logic,0
10/1991,Logic,2
11/1991,Logic,0
12/1991,Logic,13
01/1992,Logic,0
02/1992,Logic,0
03/1992,Logic,0
04/1992,Logic,0
05/1992,Logic,0
06/1992,Logic,0
07/1992,Logic,0
08/1992,Logic,0
09/1992,Logic,0
10/1992,Logic,0
11/1992,Logic,1
12/1992,Logic,7
01/1993,Logic,0
02/1993,Logic,2
03/1993,Logic,0
04/1993,Logic,0
05/1993,Logic,0
06/1993,Logic,0
07/1993,Logic,0
08/1993,Logic,1
09/1993,Logic,0
10/1993,Logic,0
11/1993,Logic,0
12/1993,Logic,15
01/1994,Logic,0
02/1994,Logic,1
03/1994,Logic,0
04/1994,Logic,0
05/1994,Logic,0
06/1994,Logic,1
07/1994,Logic,0
08/1994,Logic,1
09/1994,Logic,0
10/1994,Logic,0
11/1994,Logic,0
12/1994,Logic,15
01/1995,Logic,0
02/1995,Logic,0
03/1995,Logic,1
04/1995,Logic,3
05/1995,Logic,1
06/1995,Logic,0
07/1995,Logic,1
08/1995,Logic,0
09/1995,Logic,1
10/1995,Logic,0
11/1995,Logic,1
12/1995,Logic,21
01/1996,Logic,0
02/1996,Logic,0
03/1996,Logic,1
04/1996,Logic,1
05/1996,Logic,0
06/1996,Logic,0
07/1996,Logic,0
08/1996,Logic,1
09/1996,Logic,0
10/1996,Logic,1
11/1996,Logic,1
12/1996,Logic,14
01/1997,Logic,1
02/1997,Logic,0
03/1997,Logic,2
04/1997,Logic,0
05/1997,Logic,0
06/1997,Logic,0
07/1997,Logic,0
08/1997,Logic,0
09/1997,Logic,0
10/1997,Logic,0
11/1997,Logic,1
12/1997,Logic,19
01/1998,Logic,1
02/1998,Logic,1
03/1998,Logic,0
04/1998,Logic,0
05/1998,Logic,0
06/1998,Logic,1
07/1998,Logic,0
08/1998,Logic,1
09/1998,Logic,2
10/1998,Logic,0
11/1998,Logic,1
12/1998,Logic,12
01/1999,Logic,1
02/1999,Logic,1
03/1999,Logic,1
04/1999,Logic,0
05/1999,Logic,1
06/1999,Logic,1
07/1999,Logic,1
08/1999,Logic,0
09/1999,Logic,1
10/1999,Logic,1
11/1999,Logic,0
12/1999,Logic,7
01/2000,Logic,0
02/2000,Logic,0
03/2000,Logic,0
04/2000,Logic,1
05/2000,Logic,3
06/2000,Logic,2
07/2000,Logic,0
08/2000,Logic,4
09/2000,Logic,1
10/2000,Logic,1
11/2000,Logic,2
12/2000,Logic,20
01/2001,Logic,1
02/2001,Logic,0
03/2001,Logic,1
04/2001,Logic,1
05/2001,Logic,2
06/2001,Logic,4
07/2001,Logic,3
08/2001,Logic,1
09/2001,Logic,4
10/2001,Logic,8
11/2001,Logic,2
12/2001,Logic,19
01/2002,Logic,4
02/2002,Logic,1
03/2002,Logic,5
04/2002,Logic,1
05/2002,Logic,4
06/2002,Logic,0
07/2002,Logic,2
08/2002,Logic,3
09/2002,Logic,5
10/2002,Logic,4
11/2002,Logic,3
12/2002,Logic,15
01/2003,Logic,2
02/2003,Logic,2
03/2003,Logic,3
04/2003,Logic,0
05/2003,Logic,2
06/2003,Logic,4
07/2003,Logic,3
08/2003,Logic,6
09/2003,Logic,3
10/2003,Logic,4
11/2003,Logic,5
12/2003,Logic,15
01/2004,Logic,1
02/2004,Logic,4
03/2004,Logic,4
04/2004,Logic,7
05/2004,Logic,2
06/2004,Logic,7
07/2004,Logic,3
08/2004,Logic,5
09/2004,Logic,6
10/2004,Logic,7
11/2004,Logic,4
12/2004,Logic,23
01/2005,Logic,4
02/2005,Logic,4
03/2005,Logic,3
04/2005,Logic,6
05/2005,Logic,5
06/2005,Logic,4
07/2005,Logic,4
08/2005,Logic,0
09/2005,Logic,10
10/2005,Logic,7
11/2005,Logic,12
12/2005,Logic,23
01/2006,Logic,7
02/2006,Logic,5
03/2006,Logic,16
04/2006,Logic,12
05/2006,Logic,4
06/2006,Logic,9
07/2006,Logic,9
08/2006,Logic,12
09/2006,Logic,14
10/2006,Logic,18
11/2006,Logic,16
12/2006,Logic,22
01/2007,Logic,6
02/2007,Logic,11
03/2007,Logic,14
04/2007,Logic,17
05/2007,Logic,10
06/2007,Logic,25
07/2007,Logic,17
08/2007,Logic,11
09/2007,Logic,28
10/2007,Logic,39
11/2007,Logic,31
12/2007,Logic,24
01/2008,Logic,5
02/2008,Logic,14
03/2008,Logic,21
04/2008,Logic,16
05/2008,Logic,22
06/2008,Logic,14
07/2008,Logic,16
08/2008,Logic,12
09/2008,Logic,23
10/2008,Logic,26
11/2008,Logic,34
12/2008,Logic,17
01/2009,Logic,13
02/2009,Logic,11
03/2009,Logic,22
04/2009,Logic,16
05/2009,Logic,10
06/2009,Logic,12
07/2009,Logic,14
08/2009,Logic,10
09/2009,Logic,17
10/2009,Logic,17
11/2009,Logic,28
12/2009,Logic,25
01/2010,Logic,17
02/2010,Logic,24
03/2010,Logic,20
04/2010,Logic,20
05/2010,Logic,20
06/2010,Logic,32
07/2010,Logic,11
08/2010,Logic,12
09/2010,Logic,13
10/2010,Logic,19
11/2010,Logic,23
12/2010,Logic,24
01/2011,Logic,22
02/2011,Logic,18
03/2011,Logic,18
04/2011,Logic,12
05/2011,Logic,10
06/2011,Logic,14
07/2011,Logic,10
08/2011,Logic,11
09/2011,Logic,6
10/2011,Logic,9
11/2011,Logic,13
12/2011,Logic,10
01/2012,Logic,2
02/2012,Logic,14
03/2012,Logic,22
04/2012,Logic,14
05/2012,Logic,13
06/2012,Logic,11
07/2012,Logic,14
08/2012,Logic,8
09/2012,Logic,10
10/2012,Logic,19
11/2012,Logic,17
12/2012,Logic,10
01/2013,Logic,5
02/2013,Logic,4
03/2013,Logic,12
04/2013,Logic,12
05/2013,Logic,5
06/2013,Logic,9
07/2013,Logic,9
08/2013,Logic,6
09/2013,Logic,6
10/2013,Logic,11
11/2013,Logic,10
12/2013,Logic,12
01/2014,Logic,8
02/2014,Logic,12
03/2014,Logic,9
04/2014,Logic,10
05/2014,Logic,8
06/2014,Logic,4
07/2014,Logic,9
08/2014,Logic,4
09/2014,Logic,3
10/2014,Logic,1
11/2014,Logic,8
12/2014,Logic,1
01/2015,Logic,0
02/2015,Logic,0
03/2015,Logic,2
04/2015,Logic,5
05/2015,Logic,10
06/2015,Logic,2
07/2015,Logic,6
08/2015,Logic,12
09/2015,Logic,7
10/2015,Logic,7
11/2015,Logic,5
12/2015,Logic,7
01/1985,Music,0
02/1985,Music,0
03/1985,Music,0
04/1985,Music,0
05/1985,Music,0
06/1985,Music,0
07/1985,Music,0
08/1985,Music,0
09/1985,Music,0
10/1985,Music,0
11/1985,Music,0
12/1985,Music,0
01/1986,Music,0
02/1986,Music,0
03/1986,Music,0
04/1986,Music,0
05/1986,Music,0
06/1986,Music,0
07/1986,Music,0
08/1986,Music,0
09/1986,Music,0
10/1986,Music,0
11/1986,Music,0
12/1986,Music,0
01/1987,Music,0
02/1987,Music,0
03/1987,Music,0
04/1987,Music,0
05/1987,Music,0
06/1987,Music,0
07/1987,Music,0
08/1987,Music,0
09/1987,Music,0
10/1987,Music,0
11/1987,Music,0
12/1987,Music,0
01/1988,Music,0
02/1988,Music,0
03/1988,Music,0
04/1988,Music,0
05/1988,Music,0
06/1988,Music,0
07/1988,Music,0
08/1988,Music,0
09/1988,Music,0
10/1988,Music,0
11/1988,Music,0
12/1988,Music,0
01/1989,Music,0
02/1989,Music,0
03/1989,Music,0
04/1989,Music,0
05/1989,Music,0
06/1989,Music,0
07/1989,Music,0
08/1989,Music,0
09/1989,Music,0
10/1989,Music,0
11/1989,Music,0
12/1989,Music,0
01/1990,Music,0
02/1990,Music,0
03/1990,Music,0
04/1990,Music,0
05/1990,Music,0
06/1990,Music,0
07/1990,Music,0
08/1990,Music,0
09/1990,Music,0
10/1990,Music,0
11/1990,Music,0
12/1990,Music,0
01/1991,Music,0
02/1991,Music,0
03/1991,Music,0
04/1991,Music,0
05/1991,Music,0
06/1991,Music,0
07/1991,Music,0
08/1991,Music,0
09/1991,Music,0
10/1991,Music,0
11/1991,Music,0
12/1991,Music,0
01/1992,Music,0
02/1992,Music,0
03/1992,Music,0
04/1992,Music,0
05/1992,Music,0
06/1992,Music,0
07/1992,Music,0
08/1992,Music,0
09/1992,Music,0
10/1992,Music,0
11/1992,Music,0
12/1992,Music,0
01/1993,Music,0
02/1993,Music,0
03/1993,Music,0
04/1993,Music,0
05/1993,Music,0
06/1993,Music,0
07/1993,Music,0
08/1993,Music,0
09/1993,Music,0
10/1993,Music,0
11/1993,Music,0
12/1993,Music,0
01/1994,Music,0
02/1994,Music,0
03/1994,Music,0
04/1994,Music,0
05/1994,Music,0
06/1994,Music,0
07/1994,Music,0
08/1994,Music,0
09/1994,Music,0
10/1994,Music,0
11/1994,Music,0
12/1994,Music,0
01/1995,Music,0
02/1995,Music,0
03/1995,Music,0
04/1995,Music,0
05/1995,Music,0
06/1995,Music,0
07/1995,Music,0
08/1995,Music,0
09/1995,Music,0
10/1995,Music,0
11/1995,Music,0
12/1995,Music,0
01/1996,Music,0
02/1996,Music,0
03/1996,Music,0
04/1996,Music,0
05/1996,Music,0
06/1996,Music,0
07/1996,Music,0
08/1996,Music,0
09/1996,Music,0
10/1996,Music,0
11/1996,Music,0
12/1996,Music,1
01/1997,Music,0
02/1997,Music,0
03/1997,Music,0
04/1997,Music,0
05/1997,Music,0
06/1997,Music,0
07/1997,Music,0
08/1997,Music,0
09/1997,Music,0
10/1997,Music,0
11/1997,Music,0
12/1997,Music,0
01/1998,Music,1
02/1998,Music,0
03/1998,Music,0
04/1998,Music,0
05/1998,Music,0
06/1998,Music,0
07/1998,Music,0
08/1998,Music,0
09/1998,Music,0
10/1998,Music,0
11/1998,Music,0
12/1998,Music,0
01/1999,Music,0
02/1999,Music,0
03/1999,Music,1
04/1999,Music,0
05/1999,Music,0
06/1999,Music,0
07/1999,Music,0
08/1999,Music,0
09/1999,Music,0
10/1999,Music,0
11/1999,Music,0
12/1999,Music,0
01/2000,Music,0
02/2000,Music,0
03/2000,Music,0
04/2000,Music,0
05/2000,Music,0
06/2000,Music,0
07/2000,Music,0
08/2000,Music,0
09/2000,Music,0
10/2000,Music,0
11/2000,Music,0
12/2000,Music,0
01/2001,Music,0
02/2001,Music,0
03/2001,Music,0
04/2001,Music,0
05/2001,Music,0
06/2001,Music,0
07/2001,Music,0
08/2001,Music,0
09/2001,Music,0
10/2001,Music,0
11/2001,Music,0
12/2001,Music,0
01/2002,Music,0
02/2002,Music,0
03/2002,Music,0
04/2002,Music,0
05/2002,Music,0
06/2002,Music,0
07/2002,Music,0
08/2002,Music,0
09/2002,Music,0
10/2002,Music,0
11/2002,Music,0
12/2002,Music,0
01/2003,Music,0
02/2003,Music,0
03/2003,Music,0
04/2003,Music,0
05/2003,Music,0
06/2003,Music,0
07/2003,Music,0
08/2003,Music,0
09/2003,Music,0
10/2003,Music,0
11/2003,Music,0
12/2003,Music,0
01/2004,Music,0
02/2004,Music,0
03/2004,Music,0
04/2004,Music,0
05/2004,Music,0
06/2004,Music,0
07/2004,Music,0
08/2004,Music,0
09/2004,Music,0
10/2004,Music,0
11/2004,Music,0
12/2004,Music,0
01/2005,Music,0
02/2005,Music,0
03/2005,Music,0
04/2005,Music,0
05/2005,Music,0
06/2005,Music,0
07/2005,Music,1
08/2005,Music,0
09/2005,Music,0
10/2005,Music,0
11/2005,Music,1
12/2005,Music,0
01/2006,Music,0
02/2006,Music,0
03/2006,Music,0
04/2006,Music,0
05/2006,Music,0
06/2006,Music,0
07/2006,Music,0
08/2006,Music,0
09/2006,Music,0
10/2006,Music,0
11/2006,Music,1
12/2006,Music,1
01/2007,Music,0
02/2007,Music,0
03/2007,Music,0
04/2007,Music,1
05/2007,Music,0
06/2007,Music,0
07/2007,Music,1
08/2007,Music,1
09/2007,Music,1
10/2007,Music,1
11/2007,Music,5
12/2007,Music,2
01/2008,Music,0
02/2008,Music,1
03/2008,Music,0
04/2008,Music,1
05/2008,Music,1
06/2008,Music,1
07/2008,Music,0
08/2008,Music,0
09/2008,Music,2
10/2008,Music,6
11/2008,Music,4
12/2008,Music,1
01/2009,Music,0
02/2009,Music,1
03/2009,Music,1
04/2009,Music,3
05/2009,Music,2
06/2009,Music,3
07/2009,Music,1
08/2009,Music,2
09/2009,Music,2
10/2009,Music,5
11/2009,Music,8
12/2009,Music,2
01/2010,Music,0
02/2010,Music,3
03/2010,Music,4
04/2010,Music,2
05/2010,Music,2
06/2010,Music,3
07/2010,Music,2
08/2010,Music,8
09/2010,Music,5
10/2010,Music,11
11/2010,Music,8
12/2010,Music,5
01/2011,Music,1
02/2011,Music,2
03/2011,Music,4
04/2011,Music,3
05/2011,Music,5
06/2011,Music,0
07/2011,Music,1
08/2011,Music,1
09/2011,Music,2
10/2011,Music,6
11/2011,Music,7
12/2011,Music,2
01/2012,Music,0
02/2012,Music,1
03/2012,Music,3
04/2012,Music,3
05/2012,Music,2
06/2012,Music,0
07/2012,Music,3
08/2012,Music,3
09/2012,Music,1
10/2012,Music,4
11/2012,Music,3
12/2012,Music,0
01/2013,Music,3
02/2013,Music,0
03/2013,Music,2
04/2013,Music,0
05/2013,Music,1
06/2013,Music,0
07/2013,Music,1
08/2013,Music,0
09/2013,Music,1
10/2013,Music,6
11/2013,Music,4
12/2013,Music,0
01/2014,Music,1
02/2014,Music,2
03/2014,Music,2
04/2014,Music,1
05/2014,Music,4
06/2014,Music,1
07/2014,Music,1
08/2014,Music,0
09/2014,Music,0
10/2014,Music,3
11/2014,Music,0
12/2014,Music,0
01/2015,Music,0
02/2015,Music,0
03/2015,Music,0
04/2015,Music,0
05/2015,Music,2
06/2015,Music,0
07/2015,Music,0
08/2015,Music,0
09/2015,Music,1
10/2015,Music,3
11/2015,Music,1
12/2015,Music,0
01/1985,Platformer,1
02/1985,Platformer,0
03/1985,Platformer,0
04/1985,Platformer,0
05/1985,Platformer,0
06/1985,Platformer,1
07/1985,Platformer,1
08/1985,Platformer,0
09/1985,Platformer,2
10/1985,Platformer,0
11/1985,Platformer,0
12/1985,Platformer,5
01/1986,Platformer,0
02/1986,Platformer,0
03/1986,Platformer,0
04/1986,Platformer,0
05/1986,Platformer,0
06/1986,Platformer,1
07/1986,Platformer,0
08/1986,Platformer,1
09/1986,Platformer,3
10/1986,Platformer,1
11/1986,Platformer,0
12/1986,Platformer,12
01/1987,Platformer,0
02/1987,Platformer,0
03/1987,Platformer,0
04/1987,Platformer,0
05/1987,Platformer,0
06/1987,Platformer,0
07/1987,Platformer,1
08/1987,Platformer,2
09/1987,Platformer,0
10/1987,Platformer,0
11/1987,Platformer,0
12/1987,Platformer,14
01/1988,Platformer,0
02/1988,Platformer,1
03/1988,Platformer,0
04/1988,Platformer,0
05/1988,Platformer,0
06/1988,Platformer,1
07/1988,Platformer,1
08/1988,Platformer,0
09/1988,Platformer,1
10/1988,Platformer,1
11/1988,Platformer,1
12/1988,Platformer,10
01/1989,Platformer,0
02/1989,Platformer,0
03/1989,Platformer,1
04/1989,Platformer,1
05/1989,Platformer,1
06/1989,Platformer,1
07/1989,Platformer,1
08/1989,Platformer,0
09/1989,Platformer,0
10/1989,Platformer,2
11/1989,Platformer,1
12/1989,Platformer,17
01/1990,Platformer,1
02/1990,Platformer,0
03/1990,Platformer,0
04/1990,Platformer,1
05/1990,Platformer,1
06/1990,Platformer,1
07/1990,Platformer,1
08/1990,Platformer,2
09/1990,Platformer,1
10/1990,Platformer,0
11/1990,Platformer,1
12/1990,Platformer,18
01/1991,Platformer,1
02/1991,Platformer,1
03/1991,Platformer,0
04/1991,Platformer,1
05/1991,Platformer,2
06/1991,Platformer,2
07/1991,Platformer,3
08/1991,Platformer,2
09/1991,Platformer,0
10/1991,Platformer,5
11/1991,Platformer,5
12/1991,Platformer,16
01/1992,Platformer,3
02/1992,Platformer,3
03/1992,Platformer,2
04/1992,Platformer,1
05/1992,Platformer,1
06/1992,Platformer,2
07/1992,Platformer,3
08/1992,Platformer,0
09/1992,Platformer,2
10/1992,Platformer,6
11/1992,Platformer,1
12/1992,Platformer,22
01/1993,Platformer,2
02/1993,Platformer,4
03/1993,Platformer,1
04/1993,Platformer,3
05/1993,Platformer,1
06/1993,Platformer,3
07/1993,Platformer,0
08/1993,Platformer,1
09/1993,Platformer,0
10/1993,Platformer,7
11/1993,Platformer,3
12/1993,Platformer,24
01/1994,Platformer,2
02/1994,Platformer,3
03/1994,Platformer,2
04/1994,Platformer,3
05/1994,Platformer,0
06/1994,Platformer,3
07/1994,Platformer,3
08/1994,Platformer,2
09/1994,Platformer,1
10/1994,Platformer,2
11/1994,Platformer,5
12/1994,Platformer,17
01/1995,Platformer,2
02/1995,Platformer,0
03/1995,Platformer,3
04/1995,Platformer,1
05/1995,Platformer,0
06/1995,Platformer,1
07/1995,Platformer,0
08/1995,Platformer,1
09/1995,Platformer,2
10/1995,Platformer,2
11/1995,Platformer,4
12/1995,Platformer,12
01/1996,Platformer,0
02/1996,Platformer,0
03/1996,Platformer,1
04/1996,Platformer,0
05/1996,Platformer,1
06/1996,Platformer,0
07/1996,Platformer,0
08/1996,Platformer,1
09/1996,Platformer,1
10/1996,Platformer,2
11/1996,Platformer,4
12/1996,Platformer,6
01/1997,Platformer,0
02/1997,Platformer,0
03/1997,Platformer,0
04/1997,Platformer,0
05/1997,Platformer,0
06/1997,Platformer,0
07/1997,Platformer,0
08/1997,Platformer,1
09/1997,Platformer,2
10/1997,Platformer,2
11/1997,Platformer,2
12/1997,Platformer,7
01/1998,Platformer,2
02/1998,Platformer,0
03/1998,Platformer,1
04/1998,Platformer,2
05/1998,Platformer,1
06/1998,Platformer,0
07/1998,Platformer,0
08/1998,Platformer,1
09/1998,Platformer,1
10/1998,Platformer,3
11/1998,Platformer,1
12/1998,Platformer,5
01/1999,Platformer,1
02/1999,Platformer,0
03/1999,Platformer,1
04/1999,Platformer,0
05/1999,Platformer,2
06/1999,Platformer,0
07/1999,Platformer,1
08/1999,Platformer,1
09/1999,Platformer,1
10/1999,Platformer,3
11/1999,Platformer,4
12/1999,Platformer,4
01/2000,Platformer,0
02/2000,Platformer,1
03/2000,Platformer,2
04/2000,Platformer,1
05/2000,Platformer,1
06/2000,Platformer,1
07/2000,Platformer,1
08/2000,Platformer,0
09/2000,Platformer,1
10/2000,Platformer,2
11/2000,Platformer,3
12/2000,Platformer,7
01/2001,Platformer,1
02/2001,Platformer,0
03/2001,Platformer,5
04/2001,Platformer,0
05/2001,Platformer,3
06/2001,Platformer,0
07/2001,Platformer,4
08/2001,Platformer,3
09/2001,Platformer,4
10/2001,Platformer,5
11/2001,Platformer,8
12/2001,Platformer,7
01/2002,Platformer,0
02/2002,Platformer,3
03/2002,Platformer,0
04/2002,Platformer,2
05/2002,Platformer,2
06/2002,Platformer,3
07/2002,Platformer,2
08/2002,Platformer,2
09/2002,Platformer,3
10/2002,Platformer,5
11/2002,Platformer,7
12/2002,Platformer,10
01/2003,Platformer,2
02/2003,Platformer,1
03/2003,Platformer,5
04/2003,Platformer,3
05/2003,Platformer,2
06/2003,Platformer,2
07/2003,Platformer,1
08/2003,Platformer,3
09/2003,Platformer,6
10/2003,Platformer,4
11/2003,Platformer,8
12/2003,Platformer,7
01/2004,Platformer,1
02/2004,Platformer,1
03/2004,Platformer,2
04/2004,Platformer,4
05/2004,Platformer,2
06/2004,Platformer,4
07/2004,Platformer,0
08/2004,Platformer,0
09/2004,Platformer,2
10/2004,Platformer,5
11/2004,Platformer,9
12/2004,Platformer,5
01/2005,Platformer,3
02/2005,Platformer,2
03/2005,Platformer,5
04/2005,Platformer,4
05/2005,Platformer,0
06/2005,Platformer,2
07/2005,Platformer,4
08/2005,Platformer,2
09/2005,Platformer,6
10/2005,Platformer,6
11/2005,Platformer,7
12/2005,Platformer,9
01/2006,Platformer,2
02/2006,Platformer,0
03/2006,Platformer,6
04/2006,Platformer,0
05/2006,Platformer,2
06/2006,Platformer,1
07/2006,Platformer,3
08/2006,Platformer,3
09/2006,Platformer,6
10/2006,Platformer,5
11/2006,Platformer,10
12/2006,Platformer,7
01/2007,Platformer,3
02/2007,Platformer,3
03/2007,Platformer,3
04/2007,Platformer,1
05/2007,Platformer,2
06/2007,Platformer,5
07/2007,Platformer,4
08/2007,Platformer,1
09/2007,Platformer,6
10/2007,Platformer,9
11/2007,Platformer,6
12/2007,Platformer,4
01/2008,Platformer,0
02/2008,Platformer,3
03/2008,Platformer,2
04/2008,Platformer,2
05/2008,Platformer,4
06/2008,Platformer,1
07/2008,Platformer,6
08/2008,Platformer,5
09/2008,Platformer,2
10/2008,Platformer,7
11/2008,Platformer,8
12/2008,Platformer,11
01/2009,Platformer,2
02/2009,Platformer,2
03/2009,Platformer,4
04/2009,Platformer,6
05/2009,Platformer,4
06/2009,Platformer,2
07/2009,Platformer,5
08/2009,Platformer,7
09/2009,Platformer,4
10/2009,Platformer,6
11/2009,Platformer,7
12/2009,Platformer,6
01/2010,Platformer,4
02/2010,Platformer,5
03/2010,Platformer,4
04/2010,Platformer,12
05/2010,Platformer,7
06/2010,Platformer,5
07/2010,Platformer,7
08/2010,Platformer,6
09/2010,Platformer,6
10/2010,Platformer,14
11/2010,Platformer,11
12/2010,Platformer,8
01/2011,Platformer,4
02/2011,Platformer,10
03/2011,Platformer,8
04/2011,Platformer,7
05/2011,Platformer,5
06/2011,Platformer,3
07/2011,Platformer,6
08/2011,Platformer,5
09/2011,Platformer,11
10/2011,Platformer,10
11/2011,Platformer,10
12/2011,Platformer,6
01/2012,Platformer,7
02/2012,Platformer,12
03/2012,Platformer,8
04/2012,Platformer,5
05/2012,Platformer,5
06/2012,Platformer,7
07/2012,Platformer,2
08/2012,Platformer,11
09/2012,Platformer,17
10/2012,Platformer,13
11/2012,Platformer,19
12/2012,Platformer,13
01/2013,Platformer,11
02/2013,Platformer,5
03/2013,Platformer,6
04/2013,Platformer,9
05/2013,Platformer,5
06/2013,Platformer,11
07/2013,Platformer,12
08/2013,Platformer,12
09/2013,Platformer,19
10/2013,Platformer,15
11/2013,Platformer,16
12/2013,Platformer,10
01/2014,Platformer,10
02/2014,Platformer,13
03/2014,Platformer,14
04/2014,Platformer,9
05/2014,Platformer,9
06/2014,Platformer,7
07/2014,Platformer,12
08/2014,Platformer,3
09/2014,Platformer,5
10/2014,Platformer,3
11/2014,Platformer,3
12/2014,Platformer,5
01/2015,Platformer,4
02/2015,Platformer,2
03/2015,Platformer,4
04/2015,Platformer,4
05/2015,Platformer,8
06/2015,Platformer,6
07/2015,Platformer,4
08/2015,Platformer,11
09/2015,Platformer,17
10/2015,Platformer,9
11/2015,Platformer,1
12/2015,Platformer,10
01/1985,Adventure,0
02/1985,Adventure,0
03/1985,Adventure,0
04/1985,Adventure,0
05/1985,Adventure,1
06/1985,Adventure,0
07/1985,Adventure,0
08/1985,Adventure,0
09/1985,Adventure,0
10/1985,Adventure,0
11/1985,Adventure,0
12/1985,Adventure,5
01/1986,Adventure,0
02/1986,Adventure,1
03/1986,Adventure,0
04/1986,Adventure,0
05/1986,Adventure,0
06/1986,Adventure,1
07/1986,Adventure,0
08/1986,Adventure,0
09/1986,Adventure,0
10/1986,Adventure,2
11/1986,Adventure,0
12/1986,Adventure,8
01/1987,Adventure,0
02/1987,Adventure,0
03/1987,Adventure,0
04/1987,Adventure,0
05/1987,Adventure,0
06/1987,Adventure,0
07/1987,Adventure,2
08/1987,Adventure,1
09/1987,Adventure,0
10/1987,Adventure,1
11/1987,Adventure,1
12/1987,Adventure,9
01/1988,Adventure,0
02/1988,Adventure,0
03/1988,Adventure,0
04/1988,Adventure,0
05/1988,Adventure,1
06/1988,Adventure,0
07/1988,Adventure,0
08/1988,Adventure,1
09/1988,Adventure,0
10/1988,Adventure,2
11/1988,Adventure,0
12/1988,Adventure,4
01/1989,Adventure,0
02/1989,Adventure,1
03/1989,Adventure,1
04/1989,Adventure,0
05/1989,Adventure,1
06/1989,Adventure,0
07/1989,Adventure,1
08/1989,Adventure,0
09/1989,Adventure,1
10/1989,Adventure,2
11/1989,Adventure,2
12/1989,Adventure,2
01/1990,Adventure,1
02/1990,Adventure,0
03/1990,Adventure,0
04/1990,Adventure,0
05/1990,Adventure,0
06/1990,Adventure,0
07/1990,Adventure,0
08/1990,Adventure,0
09/1990,Adventure,0
10/1990,Adventure,1
11/1990,Adventure,3
12/1990,Adventure,13
01/1991,Adventure,0
02/1991,Adventure,0
03/1991,Adventure,1
04/1991,Adventure,1
05/1991,Adventure,0
06/1991,Adventure,0
07/1991,Adventure,0
08/1991,Adventure,1
09/1991,Adventure,1
10/1991,Adventure,0
11/1991,Adventure,2
12/1991,Adventure,11
01/1992,Adventure,0
02/1992,Adventure,2
03/1992,Adventure,1
04/1992,Adventure,0
05/1992,Adventure,1
06/1992,Adventure,1
07/1992,Adventure,0
08/1992,Adventure,1
09/1992,Adventure,3
10/1992,Adventure,0
11/1992,Adventure,1
12/1992,Adventure,13
01/1993,Adventure,1
02/1993,Adventure,1
03/1993,Adventure,2
04/1993,Adventure,1
05/1993,Adventure,0
06/1993,Adventure,2
07/1993,Adventure,0
08/1993,Adventure,1
09/1993,Adventure,1
10/1993,Adventure,1
11/1993,Adventure,2
12/1993,Adventure,18
01/1994,Adventure,0
02/1994,Adventure,0
03/1994,Adventure,0
04/1994,Adventure,0
05/1994,Adventure,0
06/1994,Adventure,1
07/1994,Adventure,0
08/1994,Adventure,0
09/1994,Adventure,0
10/1994,Adventure,2
11/1994,Adventure,2
12/1994,Adventure,16
01/1995,Adventure,0
02/1995,Adventure,0
03/1995,Adventure,1
04/1995,Adventure,3
05/1995,Adventure,1
06/1995,Adventure,0
07/1995,Adventure,2
08/1995,Adventure,0
09/1995,Adventure,0
10/1995,Adventure,2
11/1995,Adventure,3
12/1995,Adventure,22
01/1996,Adventure,0
02/1996,Adventure,1
03/1996,Adventure,0
04/1996,Adventure,0
05/1996,Adventure,0
06/1996,Adventure,0
07/1996,Adventure,1
08/1996,Adventure,1
09/1996,Adventure,3
10/1996,Adventure,3
11/1996,Adventure,0
12/1996,Adventure,15
01/1997,Adventure,0
02/1997,Adventure,0
03/1997,Adventure,3
04/1997,Adventure,1
05/1997,Adventure,2
06/1997,Adventure,1
07/1997,Adventure,1
08/1997,Adventure,1
09/1997,Adventure,2
10/1997,Adventure,6
11/1997,Adventure,0
12/1997,Adventure,22
01/1998,Adventure,2
02/1998,Adventure,2
03/1998,Adventure,3
04/1998,Adventure,1
05/1998,Adventure,2
06/1998,Adventure,1
07/1998,Adventure,1
08/1998,Adventure,1
09/1998,Adventure,5
10/1998,Adventure,7
11/1998,Adventure,5
12/1998,Adventure,11
01/1999,Adventure,3
02/1999,Adventure,2
03/1999,Adventure,4
04/1999,Adventure,1
05/1999,Adventure,1
06/1999,Adventure,3
07/1999,Adventure,4
08/1999,Adventure,0
09/1999,Adventure,6
10/1999,Adventure,1
11/1999,Adventure,5
12/1999,Adventure,10
01/2000,Adventure,0
02/2000,Adventure,1
03/2000,Adventure,2
04/2000,Adventure,2
05/2000,Adventure,0
06/2000,Adventure,0
07/2000,Adventure,1
08/2000,Adventure,1
09/2000,Adventure,2
10/2000,Adventure,5
11/2000,Adventure,10
12/2000,Adventure,14
01/2001,Adventure,2
02/2001,Adventure,2
03/2001,Adventure,4
04/2001,Adventure,0
05/2001,Adventure,3
06/2001,Adventure,6
07/2001,Adventure,2
08/2001,Adventure,2
09/2001,Adventure,12
10/2001,Adventure,4
11/2001,Adventure,6
12/2001,Adventure,9
01/2002,Adventure,2
02/2002,Adventure,5
03/2002,Adventure,6
04/2002,Adventure,1
05/2002,Adventure,6
06/2002,Adventure,9
07/2002,Adventure,0
08/2002,Adventure,7
09/2002,Adventure,12
10/2002,Adventure,9
11/2002,Adventure,8
12/2002,Adventure,7
01/2003,Adventure,3
02/2003,Adventure,4
03/2003,Adventure,7
04/2003,Adventure,4
05/2003,Adventure,8
06/2003,Adventure,2
07/2003,Adventure,2
08/2003,Adventure,2
09/2003,Adventure,3
10/2003,Adventure,14
11/2003,Adventure,10
12/2003,Adventure,6
01/2004,Adventure,3
02/2004,Adventure,0
03/2004,Adventure,10
04/2004,Adventure,1
05/2004,Adventure,2
06/2004,Adventure,6
07/2004,Adventure,4
08/2004,Adventure,6
09/2004,Adventure,6
10/2004,Adventure,15
11/2004,Adventure,12
12/2004,Adventure,7
01/2005,Adventure,6
02/2005,Adventure,8
03/2005,Adventure,8
04/2005,Adventure,6
05/2005,Adventure,6
06/2005,Adventure,6
07/2005,Adventure,10
08/2005,Adventure,12
09/2005,Adventure,7
10/2005,Adventure,10
11/2005,Adventure,15
12/2005,Adventure,15
01/2006,Adventure,3
02/2006,Adventure,7
03/2006,Adventure,16
04/2006,Adventure,12
05/2006,Adventure,6
06/2006,Adventure,9
07/2006,Adventure,3
08/2006,Adventure,6
09/2006,Adventure,14
10/2006,Adventure,10
11/2006,Adventure,14
12/2006,Adventure,19
01/2007,Adventure,7
02/2007,Adventure,14
03/2007,Adventure,15
04/2007,Adventure,13
05/2007,Adventure,11
06/2007,Adventure,15
07/2007,Adventure,10
08/2007,Adventure,8
09/2007,Adventure,14
10/2007,Adventure,32
11/2007,Adventure,25
12/2007,Adventure,23
01/2008,Adventure,13
02/2008,Adventure,20
03/2008,Adventure,25
04/2008,Adventure,16
05/2008,Adventure,13
06/2008,Adventure,16
07/2008,Adventure,19
08/2008,Adventure,16
09/2008,Adventure,19
10/2008,Adventure,22
11/2008,Adventure,28
12/2008,Adventure,23
01/2009,Adventure,12
02/2009,Adventure,10
03/2009,Adventure,12
04/2009,Adventure,15
05/2009,Adventure,12
06/2009,Adventure,11
07/2009,Adventure,9
08/2009,Adventure,15
09/2009,Adventure,13
10/2009,Adventure,22
11/2009,Adventure,17
12/2009,Adventure,15
01/2010,Adventure,11
02/2010,Adventure,14
03/2010,Adventure,19
04/2010,Adventure,12
05/2010,Adventure,14
06/2010,Adventure,14
07/2010,Adventure,13
08/2010,Adventure,14
09/2010,Adventure,20
10/2010,Adventure,22
11/2010,Adventure,23
12/2010,Adventure,21
01/2011,Adventure,4
02/2011,Adventure,18
03/2011,Adventure,25
04/2011,Adventure,17
05/2011,Adventure,13
06/2011,Adventure,16
07/2011,Adventure,3
08/2011,Adventure,7
09/2011,Adventure,5
10/2011,Adventure,12
11/2011,Adventure,24
12/2011,Adventure,7
01/2012,Adventure,2
02/2012,Adventure,12
03/2012,Adventure,22
04/2012,Adventure,12
05/2012,Adventure,12
06/2012,Adventure,8
07/2012,Adventure,2
08/2012,Adventure,8
09/2012,Adventure,11
10/2012,Adventure,11
11/2012,Adventure,11
12/2012,Adventure,11
01/2013,Adventure,5
02/2013,Adventure,7
03/2013,Adventure,22
04/2013,Adventure,15
05/2013,Adventure,14
06/2013,Adventure,14
07/2013,Adventure,14
08/2013,Adventure,14
09/2013,Adventure,20
10/2013,Adventure,24
11/2013,Adventure,15
12/2013,Adventure,14
01/2014,Adventure,15
02/2014,Adventure,15
03/2014,Adventure,9
04/2014,Adventure,20
05/2014,Adventure,21
06/2014,Adventure,11
07/2014,Adventure,12
08/2014,Adventure,6
09/2014,Adventure,13
10/2014,Adventure,6
11/2014,Adventure,9
12/2014,Adventure,5
01/2015,Adventure,7
02/2015,Adventure,7
03/2015,Adventure,4
04/2015,Adventure,4
05/2015,Adventure,20
06/2015,Adventure,9
07/2015,Adventure,6
08/2015,Adventure,23
09/2015,Adventure,20
10/2015,Adventure,27
11/2015,Adventure,24
12/2015,Adventure,10
01/1985,Other,0
02/1985,Other,0
03/1985,Other,0
04/1985,Other,0
05/1985,Other,0
06/1985,Other,0
07/1985,Other,0
08/1985,Other,0
09/1985,Other,0
10/1985,Other,0
11/1985,Other,0
12/1985,Other,0
01/1986,Other,0
02/1986,Other,0
03/1986,Other,0
04/1986,Other,0
05/1986,Other,0
06/1986,Other,0
07/1986,Other,0
08/1986,Other,0
09/1986,Other,0
10/1986,Other,0
11/1986,Other,0
12/1986,Other,0
01/1987,Other,0
02/1987,Other,0
03/1987,Other,0
04/1987,Other,0
05/1987,Other,0
06/1987,Other,0
07/1987,Other,0
08/1987,Other,0
09/1987,Other,0
10/1987,Other,0
11/1987,Other,0
12/1987,Other,0
01/1988,Other,0
02/1988,Other,0
03/1988,Other,0
04/1988,Other,0
05/1988,Other,0
06/1988,Other,0
07/1988,Other,0
08/1988,Other,0
09/1988,Other,0
10/1988,Other,0
11/1988,Other,0
12/1988,Other,0
01/1989,Other,0
02/1989,Other,0
03/1989,Other,0
04/1989,Other,0
05/1989,Other,0
06/1989,Other,0
07/1989,Other,0
08/1989,Other,0
09/1989,Other,0
10/1989,Other,0
11/1989,Other,0
12/1989,Other,0
01/1990,Other,0
02/1990,Other,0
03/1990,Other,0
04/1990,Other,0
05/1990,Other,0
06/1990,Other,0
07/1990,Other,0
08/1990,Other,0
09/1990,Other,0
10/1990,Other,0
11/1990,Other,0
12/1990,Other,0
01/1991,Other,0
02/1991,Other,0
03/1991,Other,0
04/1991,Other,0
05/1991,Other,0
06/1991,Other,0
07/1991,Other,0
08/1991,Other,0
09/1991,Other,0
10/1991,Other,0
11/1991,Other,0
12/1991,Other,0
01/1992,Other,0
02/1992,Other,0
03/1992,Other,0
04/1992,Other,0
05/1992,Other,0
06/1992,Other,0
07/1992,Other,0
08/1992,Other,0
09/1992,Other,0
10/1992,Other,0
11/1992,Other,0
12/1992,Other,1
01/1993,Other,0
02/1993,Other,0
03/1993,Other,0
04/1993,Other,0
05/1993,Other,0
06/1993,Other,0
07/1993,Other,0
08/1993,Other,0
09/1993,Other,0
10/1993,Other,0
11/1993,Other,0
12/1993,Other,1
01/1994,Other,0
02/1994,Other,0
03/1994,Other,0
04/1994,Other,0
05/1994,Other,0
06/1994,Other,0
07/1994,Other,0
08/1994,Other,0
09/1994,Other,0
10/1994,Other,0
11/1994,Other,0
12/1994,Other,2
01/1995,Other,0
02/1995,Other,0
03/1995,Other,0
04/1995,Other,0
05/1995,Other,0
06/1995,Other,0
07/1995,Other,0
08/1995,Other,0
09/1995,Other,0
10/1995,Other,0
11/1995,Other,0
12/1995,Other,2
01/1996,Other,0
02/1996,Other,1
03/1996,Other,0
04/1996,Other,0
05/1996,Other,0
06/1996,Other,0
07/1996,Other,0
08/1996,Other,1
09/1996,Other,1
10/1996,Other,0
11/1996,Other,0
12/1996,Other,2
01/1997,Other,0
02/1997,Other,0
03/1997,Other,0
04/1997,Other,0
05/1997,Other,0
06/1997,Other,0
07/1997,Other,0
08/1997,Other,0
09/1997,Other,0
10/1997,Other,1
11/1997,Other,0
12/1997,Other,2
01/1998,Other,0
02/1998,Other,0
03/1998,Other,0
04/1998,Other,0
05/1998,Other,0
06/1998,Other,0
07/1998,Other,0
08/1998,Other,0
09/1998,Other,0
10/1998,Other,0
11/1998,Other,0
12/1998,Other,3
01/1999,Other,0
02/1999,Other,1
03/1999,Other,0
04/1999,Other,0
05/1999,Other,0
06/1999,Other,0
07/1999,Other,0
08/1999,Other,1
09/1999,Other,1
10/1999,Other,0
11/1999,Other,0
12/1999,Other,2
01/2000,Other,0
02/2000,Other,0
03/2000,Other,1
04/2000,Other,0
05/2000,Other,0
06/2000,Other,1
07/2000,Other,0
08/2000,Other,0
09/2000,Other,2
10/2000,Other,0
11/2000,Other,0
12/2000,Other,1
01/2001,Other,0
02/2001,Other,0
03/2001,Other,1
04/2001,Other,0
05/2001,Other,2
06/2001,Other,0
07/2001,Other,1
08/2001,Other,0
09/2001,Other,0
10/2001,Other,0
11/2001,Other,1
12/2001,Other,1
01/2002,Other,0
02/2002,Other,1
03/2002,Other,0
04/2002,Other,0
05/2002,Other,0
06/2002,Other,0
07/2002,Other,0
08/2002,Other,0
09/2002,Other,0
10/2002,Other,3
11/2002,Other,0
12/2002,Other,2
01/2003,Other,2
02/2003,Other,0
01/1985,RPG,0
02/1985,RPG,0
03/1985,RPG,0
04/1985,RPG,0
05/1985,RPG,0
06/1985,RPG,0
07/1985,RPG,0
08/1985,RPG,0
09/1985,RPG,0
10/1985,RPG,0
11/1985,RPG,0
12/1985,RPG,0
01/1986,RPG,0
02/1986,RPG,1
03/1986,RPG,0
04/1986,RPG,0
05/1986,RPG,1
06/1986,RPG,0
07/1986,RPG,0
08/1986,RPG,0
09/1986,RPG,0
10/1986,RPG,0
11/1986,RPG,0
12/1986,RPG,1
01/1987,RPG,1
02/1987,RPG,0
03/1987,RPG,0
04/1987,RPG,0
05/1987,RPG,0
06/1987,RPG,0
07/1987,RPG,0
08/1987,RPG,1
09/1987,RPG,1
10/1987,RPG,1
11/1987,RPG,0
12/1987,RPG,4
01/1988,RPG,0
02/1988,RPG,1
03/1988,RPG,0
04/1988,RPG,0
05/1988,RPG,0
06/1988,RPG,0
07/1988,RPG,0
08/1988,RPG,1
09/1988,RPG,0
10/1988,RPG,0
11/1988,RPG,0
12/1988,RPG,3
01/1989,RPG,0
02/1989,RPG,1
03/1989,RPG,1
04/1989,RPG,0
05/1989,RPG,0
06/1989,RPG,0
07/1989,RPG,0
08/1989,RPG,0
09/1989,RPG,0
10/1989,RPG,0
11/1989,RPG,0
12/1989,RPG,7
01/1990,RPG,0
02/1990,RPG,1
03/1990,RPG,0
04/1990,RPG,2
05/1990,RPG,0
06/1990,RPG,0
07/1990,RPG,0
08/1990,RPG,0
09/1990,RPG,0
10/1990,RPG,1
11/1990,RPG,0
12/1990,RPG,3
01/1991,RPG,0
02/1991,RPG,1
03/1991,RPG,1
04/1991,RPG,1
05/1991,RPG,0
06/1991,RPG,1
07/1991,RPG,1
08/1991,RPG,1
09/1991,RPG,0
10/1991,RPG,0
11/1991,RPG,1
12/1991,RPG,4
01/1992,RPG,1
02/1992,RPG,0
03/1992,RPG,3
04/1992,RPG,0
05/1992,RPG,0
06/1992,RPG,0
07/1992,RPG,0
08/1992,RPG,1
09/1992,RPG,1
10/1992,RPG,1
11/1992,RPG,0
12/1992,RPG,10
01/1993,RPG,0
02/1993,RPG,0
03/1993,RPG,0
04/1993,RPG,0
05/1993,RPG,0
06/1993,RPG,1
07/1993,RPG,1
08/1993,RPG,2
09/1993,RPG,0
10/1993,RPG,1
11/1993,RPG,0
12/1993,RPG,5
01/1994,RPG,1
02/1994,RPG,0
03/1994,RPG,1
04/1994,RPG,2
05/1994,RPG,0
06/1994,RPG,0
07/1994,RPG,1
08/1994,RPG,0
09/1994,RPG,1
10/1994,RPG,1
11/1994,RPG,2
12/1994,RPG,8
01/1995,RPG,0
02/1995,RPG,1
03/1995,RPG,3
04/1995,RPG,0
05/1995,RPG,0
06/1995,RPG,1
07/1995,RPG,0
08/1995,RPG,1
09/1995,RPG,2
10/1995,RPG,0
11/1995,RPG,1
12/1995,RPG,8
01/1996,RPG,0
02/1996,RPG,1
03/1996,RPG,0
04/1996,RPG,0
05/1996,RPG,2
06/1996,RPG,0
07/1996,RPG,1
08/1996,RPG,2
09/1996,RPG,0
10/1996,RPG,0
11/1996,RPG,0
12/1996,RPG,6
01/1997,RPG,0
02/1997,RPG,0
03/1997,RPG,1
04/1997,RPG,1
05/1997,RPG,0
06/1997,RPG,1
07/1997,RPG,1
08/1997,RPG,1
09/1997,RPG,5
10/1997,RPG,0
11/1997,RPG,4
12/1997,RPG,6
01/1998,RPG,0
02/1998,RPG,0
03/1998,RPG,0
04/1998,RPG,3
05/1998,RPG,2
06/1998,RPG,0
07/1998,RPG,2
08/1998,RPG,0
09/1998,RPG,1
10/1998,RPG,2
11/1998,RPG,1
12/1998,RPG,7
01/1999,RPG,1
02/1999,RPG,1
03/1999,RPG,1
04/1999,RPG,5
05/1999,RPG,0
06/1999,RPG,3
07/1999,RPG,3
08/1999,RPG,1
09/1999,RPG,5
10/1999,RPG,4
11/1999,RPG,7
12/1999,RPG,6
01/2000,RPG,1
02/2000,RPG,2
03/2000,RPG,2
04/2000,RPG,2
05/2000,RPG,1
06/2000,RPG,7
07/2000,RPG,1
08/2000,RPG,5
09/2000,RPG,3
10/2000,RPG,2
11/2000,RPG,6
12/2000,RPG,9
01/2001,RPG,3
02/2001,RPG,5
03/2001,RPG,5
04/2001,RPG,1
05/2001,RPG,1
06/2001,RPG,6
07/2001,RPG,1
08/2001,RPG,2
09/2001,RPG,5
10/2001,RPG,2
11/2001,RPG,3
12/2001,RPG,10
01/2002,RPG,2
02/2002,RPG,2
03/2002,RPG,10
04/2002,RPG,2
05/2002,RPG,3
06/2002,RPG,4
07/2002,RPG,3
08/2002,RPG,5
09/2002,RPG,6
10/2002,RPG,4
11/2002,RPG,10
12/2002,RPG,8
01/2003,RPG,4
02/2003,RPG,7
03/2003,RPG,8
04/2003,RPG,6
05/2003,RPG,4
06/2003,RPG,9
07/2003,RPG,6
08/2003,RPG,8
09/2003,RPG,8
10/2003,RPG,5
11/2003,RPG,14
12/2003,RPG,11
01/2004,RPG,6
02/2004,RPG,5
03/2004,RPG,4
04/2004,RPG,8
05/2004,RPG,5
06/2004,RPG,5
07/2004,RPG,6
08/2004,RPG,3
09/2004,RPG,6
10/2004,RPG,6
11/2004,RPG,17
12/2004,RPG,11
01/2005,RPG,3
02/2005,RPG,6
03/2005,RPG,12
04/2005,RPG,8
05/2005,RPG,10
06/2005,RPG,2
07/2005,RPG,7
01/1985,Simulator,0
02/1985,Simulator,0
03/1985,Simulator,0
04/1985,Simulator,0
05/1985,Simulator,0
06/1985,Simulator,0
07/1985,Simulator,0
08/1985,Simulator,0
09/1985,Simulator,0
10/1985,Simulator,0
11/1985,Simulator,0
12/1985,Simulator,1
01/1986,Simulator,0
02/1986,Simulator,0
03/1986,Simulator,0
04/1986,Simulator,0
05/1986,Simulator,0
06/1986,Simulator,0
07/1986,Simulator,0
08/1986,Simulator,0
09/1986,Simulator,0
10/1986,Simulator,0
11/1986,Simulator,0
12/1986,Simulator,1
01/1987,Simulator,0
02/1987,Simulator,0
03/1987,Simulator,0
04/1987,Simulator,0
05/1987,Simulator,0
06/1987,Simulator,0
07/1987,Simulator,0
08/1987,Simulator,0
09/1987,Simulator,0
10/1987,Simulator,0
11/1987,Simulator,0
12/1987,Simulator,3
01/1988,Simulator,0
02/1988,Simulator,0
03/1988,Simulator,0
04/1988,Simulator,0
05/1988,Simulator,0
06/1988,Simulator,0
07/1988,Simulator,0
08/1988,Simulator,0
09/1988,Simulator,0
10/1988,Simulator,1
11/1988,Simulator,0
12/1988,Simulator,5
01/1989,Simulator,1
02/1989,Simulator,0
03/1989,Simulator,0
04/1989,Simulator,0
05/1989,Simulator,0
06/1989,Simulator,0
07/1989,Simulator,0
08/1989,Simulator,0
09/1989,Simulator,0
10/1989,Simulator,0
11/1989,Simulator,0
12/1989,Simulator,3
01/1990,Simulator,1
02/1990,Simulator,0
03/1990,Simulator,0
04/1990,Simulator,0
05/1990,Simulator,0
06/1990,Simulator,0
07/1990,Simulator,0
08/1990,Simulator,0
09/1990,Simulator,0
10/1990,Simulator,0
11/1990,Simulator,0
12/1990,Simulator,8
01/1991,Simulator,0
02/1991,Simulator,0
03/1991,Simulator,0
04/1991,Simulator,0
05/1991,Simulator,0
06/1991,Simulator,0
07/1991,Simulator,0
08/1991,Simulator,0
09/1991,Simulator,0
10/1991,Simulator,0
11/1991,Simulator,0
12/1991,Simulator,6
01/1992,Simulator,0
02/1992,Simulator,0
03/1992,Simulator,0
04/1992,Simulator,0
05/1992,Simulator,0
06/1992,Simulator,0
07/1992,Simulator,0
08/1992,Simulator,1
09/1992,Simulator,0
10/1992,Simulator,0
11/1992,Simulator,1
12/1992,Simulator,3
01/1993,Simulator,2
02/1993,Simulator,0
03/1993,Simulator,1
04/1993,Simulator,0
05/1993,Simulator,1
06/1993,Simulator,2
07/1993,Simulator,0
08/1993,Simulator,0
09/1993,Simulator,1
10/1993,Simulator,0
11/1993,Simulator,1
12/1993,Simulator,8
01/1994,Simulator,0
02/1994,Simulator,0
03/1994,Simulator,1
04/1994,Simulator,0
05/1994,Simulator,0
06/1994,Simulator,2
07/1994,Simulator,0
08/1994,Simulator,1
09/1994,Simulator,1
10/1994,Simulator,2
11/1994,Simulator,1
12/1994,Simulator,10
01/1995,Simulator,0
02/1995,Simulator,1
03/1995,Simulator,0
04/1995,Simulator,0
05/1995,Simulator,2
06/1995,Simulator,1
07/1995,Simulator,1
08/1995,Simulator,1
09/1995,Simulator,2
10/1995,Simulator,1
11/1995,Simulator,0
12/1995,Simulator,12
01/1996,Simulator,0
02/1996,Simulator,2
03/1996,Simulator,1
04/1996,Simulator,1
05/1996,Simulator,0
06/1996,Simulator,1
07/1996,Simulator,0
08/1996,Simulator,2
09/1996,Simulator,6
10/1996,Simulator,4
11/1996,Simulator,3
12/1996,Simulator,13
01/1997,Simulator,0
02/1997,Simulator,2
03/1997,Simulator,1
04/1997,Simulator,2
05/1997,Simulator,0
06/1997,Simulator,1
07/1997,Simulator,1
08/1997,Simulator,1
09/1997,Simulator,4
10/1997,Simulator,7
11/1997,Simulator,5
12/1997,Simulator,14
01/1998,Simulator,0
02/1998,Simulator,2
03/1998,Simulator,2
04/1998,Simulator,4
05/1998,Simulator,3
06/1998,Simulator,1
07/1998,Simulator,0
08/1998,Simulator,3
09/1998,Simulator,6
10/1998,Simulator,5
11/1998,Simulator,5
12/1998,Simulator,16
01/1999,Simulator,1
02/1999,Simulator,3
03/1999,Simulator,6
04/1999,Simulator,3
05/1999,Simulator,3
06/1999,Simulator,2
07/1999,Simulator,1
08/1999,Simulator,2
09/1999,Simulator,7
10/1999,Simulator,4
11/1999,Simulator,8
12/1999,Simulator,11
01/2000,Simulator,2
02/2000,Simulator,6
03/2000,Simulator,4
04/2000,Simulator,1
05/2000,Simulator,1
06/2000,Simulator,2
07/2000,Simulator,1
08/2000,Simulator,3
09/2000,Simulator,5
10/2000,Simulator,10
11/2000,Simulator,4
12/2000,Simulator,15
01/2001,Simulator,1
02/2001,Simulator,5
03/2001,Simulator,4
04/2001,Simulator,1
05/2001,Simulator,4
06/2001,Simulator,2
07/2001,Simulator,7
08/2001,Simulator,2
09/2001,Simulator,4
10/2001,Simulator,5
11/2001,Simulator,8
12/2001,Simulator,14
01/2002,Simulator,3
02/2002,Simulator,10
03/2002,Simulator,8
04/2002,Simulator,1
05/2002,Simulator,6
06/2002,Simulator,5
07/2002,Simulator,2
08/2002,Simulator,4
09/2002,Simulator,2
10/2002,Simulator,11
11/2002,Simulator,14
12/2002,Simulator,11
01/2003,Simulator,3
02/2003,Simulator,4
03/2003,Simulator,10
04/2003,Simulator,7
05/2003,Simulator,4
06/2003,Simulator,3
07/2003,Simulator,9
08/2003,Simulator,2
09/2003,Simulator,10
10/2003,Simulator,7
11/2003,Simulator,10
12/2003,Simulator,9
01/2004,Simulator,3
02/2004,Simulator,6
03/2004,Simulator,3
04/2004,Simulator,9
05/2004,Simulator,6
06/2004,Simulator,13
07/2004,Simulator,4
08/2004,Simulator,7
09/2004,Simulator,12
10/2004,Simulator,10
11/2004,Simulator,13
12/2004,Simulator,13
01/2005,Simulator,0
02/2005,Simulator,12
03/2005,Simulator,9
04/2005,Simulator,5
05/2005,Simulator,8
06/2005,Simulator,9
07/2005,Simulator,4
08/2005,Simulator,5
09/2005,Simulator,16
10/2005,Simulator,13
11/2005,Simulator,22
12/2005,Simulator,13
01/2006,Simulator,5
02/2006,Simulator,15
03/2006,Simulator,17
04/2006,Simulator,14
05/2006,Simulator,3
06/2006,Simulator,11
07/2006,Simulator,12
08/2006,Simulator,3
09/2006,Simulator,18
10/2006,Simulator,18
11/2006,Simulator,24
12/2006,Simulator,24
01/2007,Simulator,2
02/2007,Simulator,14
03/2007,Simulator,16
04/2007,Simulator,11
05/2007,Simulator,9
06/2007,Simulator,16
07/2007,Simulator,18
08/2007,Simulator,6
09/2007,Simulator,20
10/2007,Simulator,20
11/2007,Simulator,23
12/2007,Simulator,21
01/2008,Simulator,4
02/2008,Simulator,12
03/2008,Simulator,21
04/2008,Simulator,8
05/2008,Simulator,10
06/2008,Simulator,17
07/2008,Simulator,17
08/2008,Simulator,14
09/2008,Simulator,20
10/2008,Simulator,37
11/2008,Simulator,30
12/2008,Simulator,14
01/2009,Simulator,4
02/2009,Simulator,7
03/2009,Simulator,13
04/2009,Simulator,8
05/2009,Simulator,10
06/2009,Simulator,13
07/2009,Simulator,11
08/2009,Simulator,5
09/2009,Simulator,17
10/2009,Simulator,29
11/2009,Simulator,11
12/2009,Simulator,22
01/2010,Simulator,10
02/2010,Simulator,12
03/2010,Simulator,16
04/2010,Simulator,14
05/2010,Simulator,15
06/2010,Simulator,18
07/2010,Simulator,14
08/2010,Simulator,8
09/2010,Simulator,15
10/2010,Simulator,16
11/2010,Simulator,17
12/2010,Simulator,16
01/2011,Simulator,6
02/2011,Simulator,6
03/2011,Simulator,14
04/2011,Simulator,13
05/2011,Simulator,8
06/2011,Simulator,3
07/2011,Simulator,7
08/2011,Simulator,9
09/2011,Simulator,14
10/2011,Simulator,8
11/2011,Simulator,14
12/2011,Simulator,4
01/2012,Simulator,1
02/2012,Simulator,9
03/2012,Simulator,15
04/2012,Simulator,5
05/2012,Simulator,3
06/2012,Simulator,12
07/2012,Simulator,4
08/2012,Simulator,2
09/2012,Simulator,8
10/2012,Simulator,19
11/2012,Simulator,8
12/2012,Simulator,3
01/2013,Simulator,3
02/2013,Simulator,4
03/2013,Simulator,6
04/2013,Simulator,1
05/2013,Simulator,3
06/2013,Simulator,5
07/2013,Simulator,3
08/2013,Simulator,4
09/2013,Simulator,11
10/2013,Simulator,7
11/2013,Simulator,15
12/2013,Simulator,8
01/2014,Simulator,3
02/2014,Simulator,7
03/2014,Simulator,4
04/2014,Simulator,4
05/2014,Simulator,3
06/2014,Simulator,7
07/2014,Simulator,0
08/2014,Simulator,2
09/2014,Simulator,7
10/2014,Simulator,6
11/2014,Simulator,4
12/2014,Simulator,5
01/2015,Simulator,0
02/2015,Simulator,0
03/2015,Simulator,2
04/2015,Simulator,2
05/2015,Simulator,2
06/2015,Simulator,2
07/2015,Simulator,2
08/2015,Simulator,1
09/2015,Simulator,10
10/2015,Simulator,2
11/2015,Simulator,3
12/2015,Simulator,6
01/1985,Sport,0
02/1985,Sport,0
03/1985,Sport,0
04/1985,Sport,0
05/1985,Sport,0
06/1985,Sport,0
07/1985,Sport,0
08/1985,Sport,0
09/1985,Sport,0
10/1985,Sport,0
11/1985,Sport,0
12/1985,Sport,0
01/1986,Sport,0
02/1986,Sport,0
03/1986,Sport,0
04/1986,Sport,0
05/1986,Sport,0
06/1986,Sport,0
07/1986,Sport,0
08/1986,Sport,0
09/1986,Sport,0
10/1986,Sport,0
11/1986,Sport,0
12/1986,Sport,0
01/1987,Sport,0
02/1987,Sport,0
03/1987,Sport,0
04/1987,Sport,0
05/1987,Sport,0
06/1987,Sport,0
07/1987,Sport,0
08/1987,Sport,0
09/1987,Sport,0
10/1987,Sport,0
11/1987,Sport,0
12/1987,Sport,2
01/1988,Sport,0
02/1988,Sport,0
03/1988,Sport,0
04/1988,Sport,1
05/1988,Sport,0
06/1988,Sport,0
07/1988,Sport,0
08/1988,Sport,0
09/1988,Sport,0
10/1988,Sport,0
11/1988,Sport,0
12/1988,Sport,3
01/1989,Sport,1
02/1989,Sport,0
03/1989,Sport,0
04/1989,Sport,0
05/1989,Sport,0
06/1989,Sport,0
07/1989,Sport,0
08/1989,Sport,0
09/1989,Sport,0
10/1989,Sport,0
11/1989,Sport,0
12/1989,Sport,1
01/1990,Sport,0
02/1990,Sport,0
03/1990,Sport,0
04/1990,Sport,0
05/1990,Sport,0
06/1990,Sport,0
07/1990,Sport,0
08/1990,Sport,0
09/1990,Sport,0
10/1990,Sport,0
11/1990,Sport,1
12/1990,Sport,5
01/1991,Sport,0
02/1991,Sport,0
03/1991,Sport,0
04/1991,Sport,0
05/1991,Sport,0
06/1991,Sport,0
07/1991,Sport,0
08/1991,Sport,0
09/1991,Sport,0
10/1991,Sport,0
11/1991,Sport,0
12/1991,Sport,4
01/1992,Sport,0
02/1992,Sport,1
03/1992,Sport,0
04/1992,Sport,0
05/1992,Sport,0
06/1992,Sport,0
07/1992,Sport,0
08/1992,Sport,1
09/1992,Sport,1
10/1992,Sport,0
11/1992,Sport,1
12/1992,Sport,6
01/1993,Sport,0
02/1993,Sport,0
03/1993,Sport,1
04/1993,Sport,0
05/1993,Sport,1
06/1993,Sport,3
07/1993,Sport,1
08/1993,Sport,0
09/1993,Sport,1
10/1993,Sport,1
11/1993,Sport,0
12/1993,Sport,8
01/1994,Sport,0
02/1994,Sport,0
03/1994,Sport,0
04/1994,Sport,0
05/1994,Sport,0
06/1994,Sport,2
07/1994,Sport,0
08/1994,Sport,2
09/1994,Sport,2
10/1994,Sport,2
11/1994,Sport,3
12/1994,Sport,11
01/1995,Sport,0
02/1995,Sport,1
03/1995,Sport,0
04/1995,Sport,0
05/1995,Sport,0
06/1995,Sport,0
07/1995,Sport,2
08/1995,Sport,1
09/1995,Sport,3
10/1995,Sport,1
11/1995,Sport,1
12/1995,Sport,9
01/1996,Sport,0
02/1996,Sport,0
03/1996,Sport,0
04/1996,Sport,0
05/1996,Sport,0
06/1996,Sport,1
07/1996,Sport,0
08/1996,Sport,2
09/1996,Sport,2
10/1996,Sport,2
11/1996,Sport,2
12/1996,Sport,12
01/1997,Sport,1
02/1997,Sport,1
03/1997,Sport,0
04/1997,Sport,2
05/1997,Sport,0
06/1997,Sport,1
07/1997,Sport,1
08/1997,Sport,0
09/1997,Sport,3
10/1997,Sport,5
11/1997,Sport,2
12/1997,Sport,14
01/1998,Sport,0
02/1998,Sport,0
03/1998,Sport,1
04/1998,Sport,1
05/1998,Sport,1
06/1998,Sport,1
07/1998,Sport,1
08/1998,Sport,1
09/1998,Sport,3
10/1998,Sport,4
11/1998,Sport,3
12/1998,Sport,10
01/1999,Sport,1
02/1999,Sport,2
03/1999,Sport,4
04/1999,Sport,1
05/1999,Sport,1
06/1999,Sport,2
07/1999,Sport,0
08/1999,Sport,2
09/1999,Sport,3
10/1999,Sport,5
11/1999,Sport,4
12/1999,Sport,9
01/2000,Sport,0
02/2000,Sport,3
03/2000,Sport,2
04/2000,Sport,0
05/2000,Sport,1
06/2000,Sport,1
07/2000,Sport,3
08/2000,Sport,3
09/2000,Sport,7
10/2000,Sport,8
11/2000,Sport,5
12/2000,Sport,14
01/2001,Sport,0
02/2001,Sport,3
03/2001,Sport,2
04/2001,Sport,1
05/2001,Sport,5
06/2001,Sport,2
07/2001,Sport,5
08/2001,Sport,4
09/2001,Sport,2
10/2001,Sport,7
11/2001,Sport,6
12/2001,Sport,6
01/2002,Sport,3
02/2002,Sport,8
03/2002,Sport,3
04/2002,Sport,4
05/2002,Sport,1
06/2002,Sport,4
07/2002,Sport,3
08/2002,Sport,2
09/2002,Sport,4
10/2002,Sport,9
11/2002,Sport,11
12/2002,Sport,6
01/2003,Sport,4
02/2003,Sport,2
03/2003,Sport,6
04/2003,Sport,2
05/2003,Sport,4
06/2003,Sport,3
07/2003,Sport,5
08/2003,Sport,5
09/2003,Sport,10
10/2003,Sport,10
11/2003,Sport,10
12/2003,Sport,3
01/2004,Sport,2
02/2004,Sport,2
03/2004,Sport,6
04/2004,Sport,7
05/2004,Sport,4
06/2004,Sport,3
07/2004,Sport,5
08/2004,Sport,6
09/2004,Sport,11
10/2004,Sport,14
11/2004,Sport,10
12/2004,Sport,4
01/2005,Sport,0
02/2005,Sport,12
03/2005,Sport,10
04/2005,Sport,8
05/2005,Sport,2
06/2005,Sport,2
07/2005,Sport,4
08/2005,Sport,9
09/2005,Sport,12
10/2005,Sport,14
11/2005,Sport,17
12/2005,Sport,10
01/2006,Sport,2
02/2006,Sport,9
03/2006,Sport,14
04/2006,Sport,6
05/2006,Sport,5
06/2006,Sport,8
07/2006,Sport,8
08/2006,Sport,4
09/2006,Sport,8
10/2006,Sport,10
11/2006,Sport,19
12/2006,Sport,13
01/2007,Sport,4
02/2007,Sport,12
03/2007,Sport,15
04/2007,Sport,8
05/2007,Sport,4
06/2007,Sport,7
07/2007,Sport,9
08/2007,Sport,5
09/2007,Sport,11
10/2007,Sport,26
11/2007,Sport,13
12/2007,Sport,9
01/2008,Sport,6
02/2008,Sport,8
03/2008,Sport,10
04/2008,Sport,7
05/2008,Sport,8
06/2008,Sport,9
07/2008,Sport,15
08/2008,Sport,15
09/2008,Sport,10
10/2008,Sport,28
11/2008,Sport,23
12/2008,Sport,7
01/2009,Sport,5
02/2009,Sport,4
03/2009,Sport,9
04/2009,Sport,6
05/2009,Sport,9
06/2009,Sport,13
07/2009,Sport,8
08/2009,Sport,2
09/2009,Sport,18
10/2009,Sport,24
11/2009,Sport,7
12/2009,Sport,4
01/2010,Sport,4
02/2010,Sport,7
03/2010,Sport,10
04/2010,Sport,12
05/2010,Sport,7
06/2010,Sport,19
07/2010,Sport,7
08/2010,Sport,7
09/2010,Sport,12
10/2010,Sport,17
11/2010,Sport,19
12/2010,Sport,8
01/2011,Sport,1
02/2011,Sport,3
03/2011,Sport,12
04/2011,Sport,8
05/2011,Sport,2
06/2011,Sport,6
07/2011,Sport,7
08/2011,Sport,5
09/2011,Sport,10
10/2011,Sport,10
11/2011,Sport,10
12/2011,Sport,0
01/2012,Sport,0
02/2012,Sport,7
03/2012,Sport,10
04/2012,Sport,5
05/2012,Sport,4
06/2012,Sport,6
07/2012,Sport,4
08/2012,Sport,4
09/2012,Sport,5
10/2012,Sport,8
11/2012,Sport,13
12/2012,Sport,5
01/2013,Sport,1
02/2013,Sport,0
03/2013,Sport,5
04/2013,Sport,2
05/2013,Sport,0
06/2013,Sport,6
07/2013,Sport,1
08/2013,Sport,1
09/2013,Sport,8
10/2013,Sport,6
11/2013,Sport,4
12/2013,Sport,3
01/2014,Sport,1
02/2014,Sport,6
03/2014,Sport,3
04/2014,Sport,3
05/2014,Sport,2
06/2014,Sport,4
07/2014,Sport,0
08/2014,Sport,1
09/2014,Sport,4
10/2014,Sport,1
11/2014,Sport,3
12/2014,Sport,0
01/2015,Sport,0
02/2015,Sport,1
03/2015,Sport,1
04/2015,Sport,0
05/2015,Sport,0
06/2015,Sport,0
07/2015,Sport,1
08/2015,Sport,2
09/2015,Sport,7
10/2015,Sport,2
11/2015,Sport,1
12/2015,Sport,1
01/1985,Strategy,0
02/1985,Strategy,0
03/1985,Strategy,0
04/1985,Strategy,0
05/1985,Strategy,0
06/1985,Strategy,0
07/1985,Strategy,0
08/1985,Strategy,0
09/1985,Strategy,0
10/1985,Strategy,0
11/1985,Strategy,0
12/1985,Strategy,1
01/1986,Strategy,0
02/1986,Strategy,0
03/1986,Strategy,0
04/1986,Strategy,0
05/1986,Strategy,0
06/1986,Strategy,0
07/1986,Strategy,0
08/1986,Strategy,0
09/1986,Strategy,0
10/1986,Strategy,0
11/1986,Strategy,0
12/1986,Strategy,1
01/1987,Strategy,0
02/1987,Strategy,0
03/1987,Strategy,0
04/1987,Strategy,0
05/1987,Strategy,0
06/1987,Strategy,0
07/1987,Strategy,0
08/1987,Strategy,0
09/1987,Strategy,0
10/1987,Strategy,0
11/1987,Strategy,0
12/1987,Strategy,0
01/1988,Strategy,0
02/1988,Strategy,0
03/1988,Strategy,0
04/1988,Strategy,0
05/1988,Strategy,0
06/1988,Strategy,0
07/1988,Strategy,0
08/1988,Strategy,2
09/1988,Strategy,0
10/1988,Strategy,0
11/1988,Strategy,0
12/1988,Strategy,3
01/1989,Strategy,0
02/1989,Strategy,0
03/1989,Strategy,0
04/1989,Strategy,0
05/1989,Strategy,0
06/1989,Strategy,1
07/1989,Strategy,0
08/1989,Strategy,0
09/1989,Strategy,0
10/1989,Strategy,0
11/1989,Strategy,0
12/1989,Strategy,3
01/1990,Strategy,0
02/1990,Strategy,0
03/1990,Strategy,0
04/1990,Strategy,1
05/1990,Strategy,0
06/1990,Strategy,0
07/1990,Strategy,1
08/1990,Strategy,0
09/1990,Strategy,0
10/1990,Strategy,0
11/1990,Strategy,0
12/1990,Strategy,5
01/1991,Strategy,0
02/1991,Strategy,0
03/1991,Strategy,0
04/1991,Strategy,1
05/1991,Strategy,1
06/1991,Strategy,0
07/1991,Strategy,0
08/1991,Strategy,0
09/1991,Strategy,0
10/1991,Strategy,0
11/1991,Strategy,0
12/1991,Strategy,10
01/1992,Strategy,0
02/1992,Strategy,0
03/1992,Strategy,2
04/1992,Strategy,0
05/1992,Strategy,0
06/1992,Strategy,0
07/1992,Strategy,0
08/1992,Strategy,0
09/1992,Strategy,1
10/1992,Strategy,0
11/1992,Strategy,1
12/1992,Strategy,11
01/1993,Strategy,0
02/1993,Strategy,0
03/1993,Strategy,0
04/1993,Strategy,2
05/1993,Strategy,0
06/1993,Strategy,1
07/1993,Strategy,0
08/1993,Strategy,0
09/1993,Strategy,2
10/1993,Strategy,1
11/1993,Strategy,0
12/1993,Strategy,11
01/1994,Strategy,1
02/1994,Strategy,0
03/1994,Strategy,0
04/1994,Strategy,0
05/1994,Strategy,0
06/1994,Strategy,0
07/1994,Strategy,0
08/1994,Strategy,1
09/1994,Strategy,2
10/1994,Strategy,0
11/1994,Strategy,0
12/1994,Strategy,16
01/1995,Strategy,0
02/1995,Strategy,0
03/1995,Strategy,0
04/1995,Strategy,0
05/1995,Strategy,0
06/1995,Strategy,3
07/1995,Strategy,0
08/1995,Strategy,2
09/1995,Strategy,0
10/1995,Strategy,1
11/1995,Strategy,1
12/1995,Strategy,14
01/1996,Strategy,0
02/1996,Strategy,1
03/1996,Strategy,2
04/1996,Strategy,0
05/1996,Strategy,3
06/1996,Strategy,0
07/1996,Strategy,0
08/1996,Strategy,1
09/1996,Strategy,0
10/1996,Strategy,3
11/1996,Strategy,1
12/1996,Strategy,11
01/1997,Strategy,0
02/1997,Strategy,0
03/1997,Strategy,0
04/1997,Strategy,1
05/1997,Strategy,0
06/1997,Strategy,3
07/1997,Strategy,1
08/1997,Strategy,2
09/1997,Strategy,3
10/1997,Strategy,4
11/1997,Strategy,5
12/1997,Strategy,29
01/1998,Strategy,1
02/1998,Strategy,2
03/1998,Strategy,4
04/1998,Strategy,3
05/1998,Strategy,2
06/1998,Strategy,1
07/1998,Strategy,1
08/1998,Strategy,2
09/1998,Strategy,4
10/1998,Strategy,4
11/1998,Strategy,7
12/1998,Strategy,25
01/1999,Strategy,0
02/1999,Strategy,6
03/1999,Strategy,3
04/1999,Strategy,4
05/1999,Strategy,3
06/1999,Strategy,4
07/1999,Strategy,5
08/1999,Strategy,1
09/1999,Strategy,7
10/1999,Strategy,7
11/1999,Strategy,4
12/1999,Strategy,15
01/2000,Strategy,1
02/2000,Strategy,5
03/2000,Strategy,6
04/2000,Strategy,1
05/2000,Strategy,6
06/2000,Strategy,7
07/2000,Strategy,2
08/2000,Strategy,3
09/2000,Strategy,4
10/2000,Strategy,5
11/2000,Strategy,11
12/2000,Strategy,29
01/2001,Strategy,7
02/2001,Strategy,6
03/2001,Strategy,10
04/2001,Strategy,9
05/2001,Strategy,2
06/2001,Strategy,7
07/2001,Strategy,15
08/2001,Strategy,8
09/2001,Strategy,11
10/2001,Strategy,9
11/2001,Strategy,10
12/2001,Strategy,32
01/2002,Strategy,7
02/2002,Strategy,7
03/2002,Strategy,13
04/2002,Strategy,14
05/2002,Strategy,6
06/2002,Strategy,14
07/2002,Strategy,8
08/2002,Strategy,12
09/2002,Strategy,16
10/2002,Strategy,19
11/2002,Strategy,20
12/2002,Strategy,15
01/2003,Strategy,10
02/2003,Strategy,7
03/2003,Strategy,14
04/2003,Strategy,13
05/2003,Strategy,12
06/2003,Strategy,19
07/2003,Strategy,17
08/2003,Strategy,14
09/2003,Strategy,17
10/2003,Strategy,30
11/2003,Strategy,20
12/2003,Strategy,26
01/2004,Strategy,8
02/2004,Strategy,10
03/2004,Strategy,17
04/2004,Strategy,16
05/2004,Strategy,7
06/2004,Strategy,12
07/2004,Strategy,14
08/2004,Strategy,10
09/2004,Strategy,13
10/2004,Strategy,23
11/2004,Strategy,21
12/2004,Strategy,21
01/2005,Strategy,6
02/2005,Strategy,14
03/2005,Strategy,13
04/2005,Strategy,20
05/2005,Strategy,16
06/2005,Strategy,13
07/2005,Strategy,9
08/2005,Strategy,9
09/2005,Strategy,18
10/2005,Strategy,20
11/2005,Strategy,24
12/2005,Strategy,10
01/2006,Strategy,7
02/2006,Strategy,17
03/2006,Strategy,14
04/2006,Strategy,18
05/2006,Strategy,15
06/2006,Strategy,19
07/2006,Strategy,11
08/2006,Strategy,17
09/2006,Strategy,14
10/2006,Strategy,24
11/2006,Strategy,23
12/2006,Strategy,18
01/2007,Strategy,8
02/2007,Strategy,22
03/2007,Strategy,20
04/2007,Strategy,8
05/2007,Strategy,16
06/2007,Strategy,21
07/2007,Strategy,14
08/2007,Strategy,19
09/2007,Strategy,19
10/2007,Strategy,27
11/2007,Strategy,31
12/2007,Strategy,20
01/2008,Strategy,5
02/2008,Strategy,15
03/2008,Strategy,17
04/2008,Strategy,15
05/2008,Strategy,14
06/2008,Strategy,15
07/2008,Strategy,10
08/2008,Strategy,12
09/2008,Strategy,27
10/2008,Strategy,16
11/2008,Strategy,23
12/2008,Strategy,12
01/2009,Strategy,5
02/2009,Strategy,22
03/2009,Strategy,21
04/2009,Strategy,23
05/2009,Strategy,14
06/2009,Strategy,16
07/2009,Strategy,19
08/2009,Strategy,7
09/2009,Strategy,17
10/2009,Strategy,23
11/2009,Strategy,22
12/2009,Strategy,17
01/2010,Strategy,10
02/2010,Strategy,24
03/2010,Strategy,31
04/2010,Strategy,15
05/2010,Strategy,16
06/2010,Strategy,11
07/2010,Strategy,15
08/2010,Strategy,15
09/2010,Strategy,18
10/2010,Strategy,18
11/2010,Strategy,15
12/2010,Strategy,26
01/2011,Strategy,9
02/2011,Strategy,13
03/2011,Strategy,22
04/2011,Strategy,13
05/2011,Strategy,9
06/2011,Strategy,9
07/2011,Strategy,7
08/2011,Strategy,17
09/2011,Strategy,18
10/2011,Strategy,23
11/2011,Strategy,12
12/2011,Strategy,8
01/2012,Strategy,5
02/2012,Strategy,8
03/2012,Strategy,20
04/2012,Strategy,19
05/2012,Strategy,6
06/2012,Strategy,13
07/2012,Strategy,13
08/2012,Strategy,14
09/2012,Strategy,25
10/2012,Strategy,23
11/2012,Strategy,15
12/2012,Strategy,11
01/2013,Strategy,7
02/2013,Strategy,8
03/2013,Strategy,8
04/2013,Strategy,14
05/2013,Strategy,20
06/2013,Strategy,14
07/2013,Strategy,11
08/2013,Strategy,11
09/2013,Strategy,17
10/2013,Strategy,11
11/2013,Strategy,19
12/2013,Strategy,13
01/2014,Strategy,11
02/2014,Strategy,13
03/2014,Strategy,15
04/2014,Strategy,13
05/2014,Strategy,19
06/2014,Strategy,11
07/2014,Strategy,8
08/2014,Strategy,1
09/2014,Strategy,14
10/2014,Strategy,5
11/2014,Strategy,8
12/2014,Strategy,11
01/2015,Strategy,7
02/2015,Strategy,6
03/2015,Strategy,4
04/2015,Strategy,4
05/2015,Strategy,5
06/2015,Strategy,3
07/2015,Strategy,2
08/2015,Strategy,15
09/2015,Strategy,9
10/2015,Strategy,10
11/2015,Strategy,10
12/2015,Strategy,6
01/1985,Fighting,0
02/1985,Fighting,0
03/1985,Fighting,0
04/1985,Fighting,0
05/1985,Fighting,0
06/1985,Fighting,0
07/1985,Fighting,0
08/1985,Fighting,0
09/1985,Fighting,0
10/1985,Fighting,0
11/1985,Fighting,0
12/1985,Fighting,0
01/1986,Fighting,0
02/1986,Fighting,0
03/1986,Fighting,0
04/1986,Fighting,0
05/1986,Fighting,0
06/1986,Fighting,0
07/1986,Fighting,0
08/1986,Fighting,0
09/1986,Fighting,0
10/1986,Fighting,0
11/1986,Fighting,0
12/1986,Fighting,0
01/1987,Fighting,0
02/1987,Fighting,0
03/1987,Fighting,0
04/1987,Fighting,0
05/1987,Fighting,0
06/1987,Fighting,0
07/1987,Fighting,0
08/1987,Fighting,1
09/1987,Fighting,0
10/1987,Fighting,0
11/1987,Fighting,0
12/1987,Fighting,1
01/1988,Fighting,0
02/1988,Fighting,0
03/1988,Fighting,0
04/1988,Fighting,0
05/1988,Fighting,0
06/1988,Fighting,0
07/1988,Fighting,0
08/1988,Fighting,0
09/1988,Fighting,0
10/1988,Fighting,0
11/1988,Fighting,0
12/1988,Fighting,0
01/1989,Fighting,1
02/1989,Fighting,0
03/1989,Fighting,0
04/1989,Fighting,0
05/1989,Fighting,0
06/1989,Fighting,0
07/1989,Fighting,1
08/1989,Fighting,0
09/1989,Fighting,0
10/1989,Fighting,0
11/1989,Fighting,0
12/1989,Fighting,2
01/1990,Fighting,0
02/1990,Fighting,0
03/1990,Fighting,0
04/1990,Fighting,0
05/1990,Fighting,0
06/1990,Fighting,0
07/1990,Fighting,0
08/1990,Fighting,0
09/1990,Fighting,0
10/1990,Fighting,0
11/1990,Fighting,1
12/1990,Fighting,0
01/1991,Fighting,0
02/1991,Fighting,0
03/1991,Fighting,0
04/1991,Fighting,0
05/1991,Fighting,0
06/1991,Fighting,0
07/1991,Fighting,0
08/1991,Fighting,1
09/1991,Fighting,0
10/1991,Fighting,0
11/1991,Fighting,0
12/1991,Fighting,3
01/1992,Fighting,0
02/1992,Fighting,1
03/1992,Fighting,0
04/1992,Fighting,0
05/1992,Fighting,0
06/1992,Fighting,0
07/1992,Fighting,0
08/1992,Fighting,1
09/1992,Fighting,0
10/1992,Fighting,0
11/1992,Fighting,0
12/1992,Fighting,4
01/1993,Fighting,0
02/1993,Fighting,0
03/1993,Fighting,1
04/1993,Fighting,0
05/1993,Fighting,0
06/1993,Fighting,1
07/1993,Fighting,0
08/1993,Fighting,0
09/1993,Fighting,1
10/1993,Fighting,0
11/1993,Fighting,0
12/1993,Fighting,5
01/1994,Fighting,0
02/1994,Fighting,0
03/1994,Fighting,0
04/1994,Fighting,1
05/1994,Fighting,1
06/1994,Fighting,3
07/1994,Fighting,1
08/1994,Fighting,0
09/1994,Fighting,1
10/1994,Fighting,0
11/1994,Fighting,2
12/1994,Fighting,8
01/1995,Fighting,1
02/1995,Fighting,0
03/1995,Fighting,1
04/1995,Fighting,0
05/1995,Fighting,0
06/1995,Fighting,0
07/1995,Fighting,1
08/1995,Fighting,1
09/1995,Fighting,1
10/1995,Fighting,0
11/1995,Fighting,2
12/1995,Fighting,8
01/1996,Fighting,1
02/1996,Fighting,0
03/1996,Fighting,1
04/1996,Fighting,0
05/1996,Fighting,1
06/1996,Fighting,0
07/1996,Fighting,0
08/1996,Fighting,1
09/1996,Fighting,0
10/1996,Fighting,0
11/1996,Fighting,3
12/1996,Fighting,4
01/1997,Fighting,0
02/1997,Fighting,0
03/1997,Fighting,0
04/1997,Fighting,0
05/1997,Fighting,0
06/1997,Fighting,0
07/1997,Fighting,2
08/1997,Fighting,1
09/1997,Fighting,0
10/1997,Fighting,1
11/1997,Fighting,0
12/1997,Fighting,3
01/1998,Fighting,0
02/1998,Fighting,0
03/1998,Fighting,0
04/1998,Fighting,1
05/1998,Fighting,0
06/1998,Fighting,2
07/1998,Fighting,0
08/1998,Fighting,0
09/1998,Fighting,0
10/1998,Fighting,0
11/1998,Fighting,1
12/1998,Fighting,2
01/1999,Fighting,1
02/1999,Fighting,1
03/1999,Fighting,1
04/1999,Fighting,1
05/1999,Fighting,0
06/1999,Fighting,0
07/1999,Fighting,0
08/1999,Fighting,1
09/1999,Fighting,1
10/1999,Fighting,3
11/1999,Fighting,0
12/1999,Fighting,1
01/2000,Fighting,0
02/2000,Fighting,0
03/2000,Fighting,1
04/2000,Fighting,1
05/2000,Fighting,0
06/2000,Fighting,0
07/2000,Fighting,0
08/2000,Fighting,1
09/2000,Fighting,1
10/2000,Fighting,1
11/2000,Fighting,3
12/2000,Fighting,0
01/2001,Fighting,1
02/2001,Fighting,0
03/2001,Fighting,3
04/2001,Fighting,0
05/2001,Fighting,0
06/2001,Fighting,0
07/2001,Fighting,0
08/2001,Fighting,0
09/2001,Fighting,0
10/2001,Fighting,0
11/2001,Fighting,4
12/2001,Fighting,2
01/2002,Fighting,1
02/2002,Fighting,2
03/2002,Fighting,2
04/2002,Fighting,1
05/2002,Fighting,0
06/2002,Fighting,3
07/2002,Fighting,0
08/2002,Fighting,0
09/2002,Fighting,0
10/2002,Fighting,2
11/2002,Fighting,6
12/2002,Fighting,1
01/2003,Fighting,1
02/2003,Fighting,2
03/2003,Fighting,1
04/2003,Fighting,1
05/2003,Fighting,1
06/2003,Fighting,0
07/2003,Fighting,0
08/2003,Fighting,0
09/2003,Fighting,2
10/2003,Fighting,3
11/2003,Fighting,4
12/2003,Fighting,4
01/2004,Fighting,0
02/2004,Fighting,1
03/2004,Fighting,1
04/2004,Fighting,2
05/2004,Fighting,0
06/2004,Fighting,0
07/2004,Fighting,0
08/2004,Fighting,2
09/2004,Fighting,2
10/2004,Fighting,1
11/2004,Fighting,5
12/2004,Fighting,2
01/2005,Fighting,0
02/2005,Fighting,0
03/2005,Fighting,3
04/2005,Fighting,3
05/2005,Fighting,0
06/2005,Fighting,1
07/2005,Fighting,0
08/2005,Fighting,2
09/2005,Fighting,4
10/2005,Fighting,5
11/2005,Fighting,4
12/2005,Fighting,6
01/2006,Fighting,2
02/2006,Fighting,3
03/2006,Fighting,3
04/2006,Fighting,2
05/2006,Fighting,0
06/2006,Fighting,0
07/2006,Fighting,6
08/2006,Fighting,3
09/2006,Fighting,1
10/2006,Fighting,5
11/2006,Fighting,6
12/2006,Fighting,6
01/2007,Fighting,1
02/2007,Fighting,4
03/2007,Fighting,3
04/2007,Fighting,3
05/2007,Fighting,2
06/2007,Fighting,1
07/2007,Fighting,1
08/2007,Fighting,2
09/2007,Fighting,1
10/2007,Fighting,4
11/2007,Fighting,5
12/2007,Fighting,2
01/2008,Fighting,0
02/2008,Fighting,0
03/2008,Fighting,1
04/2008,Fighting,1
05/2008,Fighting,1
06/2008,Fighting,1
07/2008,Fighting,5
08/2008,Fighting,3
09/2008,Fighting,4
10/2008,Fighting,4
11/2008,Fighting,6
12/2008,Fighting,3
01/2009,Fighting,0
02/2009,Fighting,0
03/2009,Fighting,2
04/2009,Fighting,3
05/2009,Fighting,3
06/2009,Fighting,2
07/2009,Fighting,5
08/2009,Fighting,1
09/2009,Fighting,2
10/2009,Fighting,5
11/2009,Fighting,2
12/2009,Fighting,3
01/2010,Fighting,3
02/2010,Fighting,2
03/2010,Fighting,3
04/2010,Fighting,2
05/2010,Fighting,2
06/2010,Fighting,1
07/2010,Fighting,4
08/2010,Fighting,2
09/2010,Fighting,2
10/2010,Fighting,3
11/2010,Fighting,4
12/2010,Fighting,10
01/2011,Fighting,1
02/2011,Fighting,5
03/2011,Fighting,6
04/2011,Fighting,3
05/2011,Fighting,3
06/2011,Fighting,5
07/2011,Fighting,2
08/2011,Fighting,2
09/2011,Fighting,2
10/2011,Fighting,2
11/2011,Fighting,3
12/2011,Fighting,2
01/2012,Fighting,0
02/2012,Fighting,7
03/2012,Fighting,3
04/2012,Fighting,3
05/2012,Fighting,2
06/2012,Fighting,2
07/2012,Fighting,3
08/2012,Fighting,1
09/2012,Fighting,7
10/2012,Fighting,2
11/2012,Fighting,7
12/2012,Fighting,3
01/2013,Fighting,0
02/2013,Fighting,3
03/2013,Fighting,5
04/2013,Fighting,2
05/2013,Fighting,1
06/2013,Fighting,3
07/2013,Fighting,1
08/2013,Fighting,1
09/2013,Fighting,6
10/2013,Fighting,3
11/2013,Fighting,4
12/2013,Fighting,0
01/2014,Fighting,1
02/2014,Fighting,4
03/2014,Fighting,1
04/2014,Fighting,0
05/2014,Fighting,1
06/2014,Fighting,3
07/2014,Fighting,1
08/2014,Fighting,1
09/2014,Fighting,2
10/2014,Fighting,1
11/2014,Fighting,0
12/2014,Fighting,1
01/2015,Fighting,1
02/2015,Fighting,1
03/2015,Fighting,0
04/2015,Fighting,1
05/2015,Fighting,1
06/2015,Fighting,1
07/2015,Fighting,0
08/2015,Fighting,0
09/2015,Fighting,1
10/2015,Fighting,0
11/2015,Fighting,1
12/2015,Fighting,0
01/2011,Action,11
02/2011,Action,15
03/2011,Action,28
04/2011,Action,24
05/2011,Action,18
06/2011,Action,36
07/2011,Action,11
08/2011,Action,4
09/2011,Action,20
10/2011,Action,30
11/2011,Action,28
12/2011,Action,21
01/2012,Action,7
02/2012,Action,25
03/2012,Action,31
04/2012,Action,17
05/2012,Action,26
06/2012,Action,24
07/2012,Action,8
08/2012,Action,15
09/2012,Action,18
10/2012,Action,33
11/2012,Action,33
12/2012,Action,19
01/2013,Action,21
02/2013,Action,14
03/2013,Action,24
04/2013,Action,28
05/2013,Action,20
06/2013,Action,18
07/2013,Action,26
08/2013,Action,20
09/2013,Action,31
10/2013,Action,29
11/2013,Action,28
12/2013,Action,17
01/2014,Action,13
02/2014,Action,16
03/2014,Action,27
04/2014,Action,13
05/2014,Action,16
06/2014,Action,19
07/2014,Action,12
08/2014,Action,8
09/2014,Action,11
10/2014,Action,17
11/2014,Action,18
12/2014,Action,7
01/2015,Action,6
02/2015,Action,9
03/2015,Action,6
04/2015,Action,3
05/2015,Action,3
06/2015,Action,11
07/2015,Action,3
08/2015,Action,10
09/2015,Action,16
10/2015,Action,17
11/2015,Action,24
12/2015,Action,8
01/2003,Other,2
02/2003,Other,0
03/2003,Other,0
04/2003,Other,1
05/2003,Other,0
06/2003,Other,0
07/2003,Other,0
08/2003,Other,0
09/2003,Other,4
10/2003,Other,0
11/2003,Other,1
12/2003,Other,2
01/2004,Other,1
02/2004,Other,1
03/2004,Other,0
04/2004,Other,1
05/2004,Other,0
06/2004,Other,1
07/2004,Other,1
08/2004,Other,0
09/2004,Other,1
10/2004,Other,1
11/2004,Other,1
12/2004,Other,1
01/2005,Other,0
02/2005,Other,0
03/2005,Other,1
04/2005,Other,0
05/2005,Other,0
06/2005,Other,2
07/2005,Other,1
08/2005,Other,0
09/2005,Other,0
10/2005,Other,1
11/2005,Other,2
12/2005,Other,2
01/2006,Other,1
02/2006,Other,0
03/2006,Other,2
04/2006,Other,7
05/2006,Other,2
06/2006,Other,3
07/2006,Other,5
08/2006,Other,2
09/2006,Other,11
10/2006,Other,7
11/2006,Other,0
12/2006,Other,8
01/2007,Other,0
02/2007,Other,5
03/2007,Other,5
04/2007,Other,4
05/2007,Other,3
06/2007,Other,5
07/2007,Other,3
08/2007,Other,5
09/2007,Other,3
10/2007,Other,4
11/2007,Other,7
12/2007,Other,6
01/2008,Other,1
02/2008,Other,3
03/2008,Other,6
04/2008,Other,7
05/2008,Other,3
06/2008,Other,4
07/2008,Other,11
08/2008,Other,4
09/2008,Other,5
10/2008,Other,9
11/2008,Other,6
12/2008,Other,6
01/2009,Other,0
02/2009,Other,1
03/2009,Other,3
04/2009,Other,2
05/2009,Other,3
06/2009,Other,0
07/2009,Other,1
08/2009,Other,0
09/2009,Other,1
10/2009,Other,3
11/2009,Other,1
12/2009,Other,6
01/2010,Other,2
02/2010,Other,2
03/2010,Other,0
04/2010,Other,3
05/2010,Other,1
06/2010,Other,2
07/2010,Other,3
08/2010,Other,5
09/2010,Other,2
10/2010,Other,1
11/2010,Other,2
12/2010,Other,1
01/2011,Other,0
02/2011,Other,2
03/2011,Other,1
04/2011,Other,1
05/2011,Other,1
06/2011,Other,0
07/2011,Other,1
08/2011,Other,1
09/2011,Other,1
10/2011,Other,0
11/2011,Other,1
12/2011,Other,1
01/2012,Other,0
02/2012,Other,2
03/2012,Other,1
04/2012,Other,0
05/2012,Other,2
06/2012,Other,0
07/2012,Other,1
08/2012,Other,0
09/2012,Other,0
10/2012,Other,0
11/2012,Other,0
12/2012,Other,0
01/2013,Other,0
02/2013,Other,0
03/2013,Other,0
04/2013,Other,1
05/2013,Other,0
06/2013,Other,0
07/2013,Other,0
08/2013,Other,1
09/2013,Other,0
10/2013,Other,0
11/2013,Other,3
12/2013,Other,5
01/2014,Other,0
02/2014,Other,3
03/2014,Other,1
04/2014,Other,2
05/2014,Other,3
06/2014,Other,0
07/2014,Other,0
08/2014,Other,1
09/2014,Other,0
10/2014,Other,0
11/2014,Other,1
12/2014,Other,2
01/2015,Other,0
02/2015,Other,0
03/2015,Other,0
04/2015,Other,0
05/2015,Other,0
06/2015,Other,0
07/2015,Other,0
08/2015,Other,0
09/2015,Other,1
10/2015,Other,0
11/2015,Other,0
12/2015,Other,0
01/2005,RPG,3
02/2005,RPG,6
03/2005,RPG,12
04/2005,RPG,8
05/2005,RPG,10
06/2005,RPG,2
07/2005,RPG,7
08/2005,RPG,11
09/2005,RPG,7
10/2005,RPG,7
11/2005,RPG,7
12/2005,RPG,16
01/2006,RPG,8
02/2006,RPG,9
03/2006,RPG,16
04/2006,RPG,9
05/2006,RPG,7
06/2006,RPG,10
07/2006,RPG,5
08/2006,RPG,9
09/2006,RPG,16
10/2006,RPG,12
11/2006,RPG,18
12/2006,RPG,12
01/2007,RPG,10
02/2007,RPG,11
03/2007,RPG,14
04/2007,RPG,10
05/2007,RPG,9
06/2007,RPG,14
07/2007,RPG,11
08/2007,RPG,13
09/2007,RPG,15
10/2007,RPG,17
11/2007,RPG,22
12/2007,RPG,14
01/2008,RPG,9
02/2008,RPG,12
03/2008,RPG,11
04/2008,RPG,10
05/2008,RPG,14
06/2008,RPG,16
07/2008,RPG,8
08/2008,RPG,12
09/2008,RPG,29
10/2008,RPG,19
11/2008,RPG,23
12/2008,RPG,17
01/2009,RPG,9
02/2009,RPG,11
03/2009,RPG,9
04/2009,RPG,13
05/2009,RPG,10
06/2009,RPG,15
07/2009,RPG,5
08/2009,RPG,8
09/2009,RPG,19
10/2009,RPG,19
11/2009,RPG,17
12/2009,RPG,35
01/2010,RPG,12
02/2010,RPG,33
03/2010,RPG,24
04/2010,RPG,16
05/2010,RPG,19
06/2010,RPG,13
07/2010,RPG,11
08/2010,RPG,16
09/2010,RPG,20
10/2010,RPG,24
11/2010,RPG,19
12/2010,RPG,34
01/2011,RPG,12
02/2011,RPG,18
03/2011,RPG,26
04/2011,RPG,17
05/2011,RPG,20
06/2011,RPG,14
07/2011,RPG,7
08/2011,RPG,13
09/2011,RPG,12
10/2011,RPG,15
11/2011,RPG,18
12/2011,RPG,21
01/2012,RPG,6
02/2012,RPG,13
03/2012,RPG,17
04/2012,RPG,14
05/2012,RPG,13
06/2012,RPG,13
07/2012,RPG,7
08/2012,RPG,14
09/2012,RPG,24
10/2012,RPG,10
11/2012,RPG,19
12/2012,RPG,21
01/2013,RPG,9
02/2013,RPG,11
03/2013,RPG,13
04/2013,RPG,18
05/2013,RPG,9
06/2013,RPG,12
07/2013,RPG,25
08/2013,RPG,18
09/2013,RPG,15
10/2013,RPG,18
11/2013,RPG,17
12/2013,RPG,21
01/2014,RPG,11
02/2014,RPG,19
03/2014,RPG,21
04/2014,RPG,14
05/2014,RPG,17
06/2014,RPG,10
07/2014,RPG,13
08/2014,RPG,10
09/2014,RPG,15
10/2014,RPG,10
11/2014,RPG,12
12/2014,RPG,9
01/2015,RPG,4
02/2015,RPG,1
03/2015,RPG,9
04/2015,RPG,4
05/2015,RPG,12
06/2015,RPG,2
07/2015,RPG,3
08/2015,RPG,12
09/2015,RPG,5
10/2015,RPG,19
11/2015,RPG,10
12/2015,RPG,17
01/2016,MMO,0
02/2016,MMO,0
01/2016,Arcade,31
02/2016,Arcade,22
01/2016,Action,5
02/2016,Action,5
01/2016,Cards,0
02/2016,Cards,0
01/2016,Logic,3
02/2016,Logic,3
01/2016,Music,3
02/2016,Music,0
01/2016,Platformer,10
02/2016,Platformer,6
01/2016,Adventure,12
02/2016,Adventure,6
01/2016,Other,0
02/2016,Other,0
01/2016,RPG,4
02/2016,RPG,8
01/2016,Simulator,3
02/2016,Simulator,0
01/2016,Sport,1
02/2016,Sport,0
01/2016,Strategy,5
02/2016,Strategy,1
01/2016,Fighting,0
02/2016,Fighting,1
